sha256,company_id,cin,fy_end,doc_kind,cap_band,exchange,total_pages,path
54115ccf3bf53dec4626c618a136125eeee2815941427982d677cae7b89baf23,INE040A01034,,2012,digital,large,both,164,D:\sem_iitk\sem9\thesis\sep_week1\arpipe-0.1.0\live_store\blobs\54\11\54115ccf3bf53dec4626c618a136125eeee2815941427982d677cae7b89baf23.pdf
616ed821eb51e80de32cfad964e6a1451187fac8ccff7e6813361c549a70f7ce,INE154A01025,,2013,digital,large,both,238,D:\sem_iitk\sem9\thesis\sep_week1\arpipe-0.1.0\live_store\blobs\61\6e\616ed821eb51e80de32cfad964e6a1451187fac8ccff7e6813361c549a70f7ce.pdf
dc0e15483617c2e785a26c800be32b6cfd74339495025866b9b31573a40229a4,INE081A01020,,2012,digital,large,both,252,D:\sem_iitk\sem9\thesis\sep_week1\arpipe-0.1.0\live_store\blobs\dc\0e\dc0e15483617c2e785a26c800be32b6cfd74339495025866b9b31573a40229a4.pdf
ed03112a1847f9eda8b621bf22377bfa5612d21d10467eea05979a6d0faa0ab0,INE044A01036,,2013,digital,large,both,132,D:\sem_iitk\sem9\thesis\sep_week1\arpipe-0.1.0\live_store\blobs\ed\03\ed03112a1847f9eda8b621bf22377bfa5612d21d10467eea05979a6d0faa0ab0.pdf
6311804bbf48c551eb0ccba89ca372a8cbd10ff6f2f54862b529a8a2552245e9,INE009A01021,,2011,digital,large,both,214,D:\sem_iitk\sem9\thesis\sep_week1\arpipe-0.1.0\arpipe\p11_store\blobs\63\11\6311804bbf48c551eb0ccba89ca372a8cbd10ff6f2f54862b529a8a2552245e9.pdf
7b7beda2e37b28d73a39a4250118c8ab04894fd7440a6abb6de203aede9eb576,INE009A01021,,2012,digital,large,both,110,D:\sem_iitk\sem9\thesis\sep_week1\arpipe-0.1.0\live_store\blobs\7b\7b\7b7beda2e37b28d73a39a4250118c8ab04894fd7440a6abb6de203aede9eb576.pdf
3e58ef4edf7239d3fe4e101d7f5a6eebec2d31e6190f7032d58b0ded3e3dffec,INE081A01020,,2013,digital,large,both,228,D:\sem_iitk\sem9\thesis\sep_week1\arpipe-0.1.0\live_store\blobs\3e\58\3e58ef4edf7239d3fe4e101d7f5a6eebec2d31e6190f7032d58b0ded3e3dffec.pdf
39f0bf74cb5ae371b4d4613b016c854bb19b63ff7f4fb44084f4ecd9fbf23cdd,INE002A01018,,2013,digital,large,both,228,D:\sem_iitk\sem9\thesis\sep_week1\arpipe-0.1.0\live_store\blobs\39\f0\39f0bf74cb5ae371b4d4613b016c854bb19b63ff7f4fb44084f4ecd9fbf23cdd.pdf
7d5e6932d247fc16e41791ecbd03fc25403955c65b4b649536e09a46d50e795a,INE002A01018,,2012,digital,large,both,220,D:\sem_iitk\sem9\thesis\sep_week1\arpipe-0.1.0\live_store\blobs\7d\5e\7d5e6932d247fc16e41791ecbd03fc25403955c65b4b649536e09a46d50e795a.pdf
71a1ee5d35cdbc4654c0f314f92cf58e94cf72ed43c6044530bf9b9db5010149,INE044A01036,,2012,mixed,large,both,128,D:\sem_iitk\sem9\thesis\sep_week1\arpipe-0.1.0\live_store\blobs\71\a1\71a1ee5d35cdbc4654c0f314f92cf58e94cf72ed43c6044530bf9b9db5010149.pdf
ac5529d7cf0757abfc755cf6a93e56b5e2379b82384ede37590b3854428ebbc5,INE154A01025,,2012,mixed,large,both,212,D:\sem_iitk\sem9\thesis\sep_week1\arpipe-0.1.0\live_store\blobs\ac\55\ac5529d7cf0757abfc755cf6a93e56b5e2379b82384ede37590b3854428ebbc5.pdf
fc8290a6faf39e34385fd09d52462e08b0b554162d5b78ca730551a52c6cacc6,INE040A01034,,2013,mixed,large,both,180,D:\sem_iitk\sem9\thesis\sep_week1\arpipe-0.1.0\live_store\blobs\fc\82\fc8290a6faf39e34385fd09d52462e08b0b554162d5b78ca730551a52c6cacc6.pdf
b80d764cd5c41c8fbc377fd7541d0cdfd3e53130482317f2e84bd49271552c76,INE213A01029,,2013,mixed,large,both,147,D:\sem_iitk\sem9\thesis\sep_week1\arpipe-0.1.0\arpipe\p11_store\blobs\b8\0d\b80d764cd5c41c8fbc377fd7541d0cdfd3e53130482317f2e84bd49271552c76.pdf
80ccfbc21011deedd4aefaece72db7f1f18df2ddca8232ca9603da0cd630fc0d,INE467B01029,,2010,mixed,large,both,187,D:\sem_iitk\sem9\thesis\sep_week1\arpipe-0.1.0\arpipe\p11_store\blobs\80\cc\80ccfbc21011deedd4aefaece72db7f1f18df2ddca8232ca9603da0cd630fc0d.pdf
c9f69c2dd47a384f3ac694e295c2f25a91e95f37de96c82a344831ba6ff0666c,INE522F01014,,2012,scanned,large,both,234,D:\sem_iitk\sem9\thesis\sep_week1\arpipe-0.1.0\arpipe\p11_store\blobs\c9\f6\c9f69c2dd47a384f3ac694e295c2f25a91e95f37de96c82a344831ba6ff0666c.pdf
a6253e70f855ebedb03d9c5745f15b371c107a270fb9d1bff9952eb22fc15178,INE009A01021,,2013,scanned,large,both,159,D:\sem_iitk\sem9\thesis\sep_week1\arpipe-0.1.0\live_store\blobs\a6\25\a6253e70f855ebedb03d9c5745f15b371c107a270fb9d1bff9952eb22fc15178.pdf
e21553df4c21f11c35ecbc9ae0fdbb7891057bcf2c93a874d06438c7448e3901,INE226A01021,,2013,digital,mid,both,136,D:\sem_iitk\sem9\thesis\sep_week1\arpipe-0.1.0\live_store\blobs\e2\15\e21553df4c21f11c35ecbc9ae0fdbb7891057bcf2c93a874d06438c7448e3901.pdf
37a21f8e4f7cc3c811a2a8b270b75a1ed60ac4b210e9fc9d0aabcde7eb78ecab,INE151A01013,,2013,digital,mid,both,158,D:\sem_iitk\sem9\thesis\sep_week1\arpipe-0.1.0\live_store\blobs\37\a2\37a21f8e4f7cc3c811a2a8b270b75a1ed60ac4b210e9fc9d0aabcde7eb78ecab.pdf
c2e25d3bba43d69f4e34577ff37ca249b44da3937d60ed947642692b6418790c,INE006I01046,,2013,digital,mid,both,112,D:\sem_iitk\sem9\thesis\sep_week1\arpipe-0.1.0\live_store\blobs\c2\e2\c2e25d3bba43d69f4e34577ff37ca249b44da3937d60ed947642692b6418790c.pdf
b8939a3dff730b9112d76029ab17c09f2646e41ce40fd4c503cbc7dcc73393a7,INE797F01020,,2012,digital,mid,both,103,D:\sem_iitk\sem9\thesis\sep_week1\arpipe-0.1.0\live_store\blobs\b8\93\b8939a3dff730b9112d76029ab17c09f2646e41ce40fd4c503cbc7dcc73393a7.pdf
d79a05fd419ea504728658a5dbba78ea5ca806a67115c27e41548555eadb4b06,INE226A01021,,2012,digital,mid,both,116,D:\sem_iitk\sem9\thesis\sep_week1\arpipe-0.1.0\live_store\blobs\d7\9a\d79a05fd419ea504728658a5dbba78ea5ca806a67115c27e41548555eadb4b06.pdf
08c7f73f5bc4e6a9b8ae5429e12fa18abfba25ff95ea5d5d1849482ed75e9e70,INE114A01011,,2011,digital,mid,both,128,D:\sem_iitk\sem9\thesis\sep_week1\arpipe-0.1.0\arpipe\p11_store\blobs\08\c7\08c7f73f5bc4e6a9b8ae5429e12fa18abfba25ff95ea5d5d1849482ed75e9e70.pdf
29b68699a9c265cc5df77a46b11d0e1507ac272c86b9db8c480351b314134ad0,INE151A01013,,2012,digital,mid,both,149,D:\sem_iitk\sem9\thesis\sep_week1\arpipe-0.1.0\live_store\blobs\29\b6\29b68699a9c265cc5df77a46b11d0e1507ac272c86b9db8c480351b314134ad0.pdf
b5a2f02942595027f7e3c07ab96ce3aa2385cad97a0e0024d91275b603a8ae9d,INE257A01026,,2012,mixed,mid,both,284,D:\sem_iitk\sem9\thesis\sep_week1\arpipe-0.1.0\arpipe\p11_store\blobs\b5\a2\b5a2f02942595027f7e3c07ab96ce3aa2385cad97a0e0024d91275b603a8ae9d.pdf
4c64fbf7aec3f61bfa8e421e8e642ea4b52d0af92e2083e9c58ab39d867fd51b,INE007A01025,,2012,mixed,mid,both,164,D:\sem_iitk\sem9\thesis\sep_week1\arpipe-0.1.0\live_store\blobs\4c\64\4c64fbf7aec3f61bfa8e421e8e642ea4b52d0af92e2083e9c58ab39d867fd51b.pdf
3fadc2ee4bc3a2e6afe0c81cc5110982b27324e5fd1ffa5a5e36dfd2efa1442a,INE761H01022,,2012,mixed,mid,both,76,D:\sem_iitk\sem9\thesis\sep_week1\arpipe-0.1.0\live_store\blobs\3f\ad\3fadc2ee4bc3a2e6afe0c81cc5110982b27324e5fd1ffa5a5e36dfd2efa1442a.pdf
e3aa3b9f3bad935331d44fa9942bda156f3f7bc98c04427117bfd86ae89306fb,INE797F01020,,2013,mixed,mid,both,109,D:\sem_iitk\sem9\thesis\sep_week1\arpipe-0.1.0\live_store\blobs\e3\aa\e3aa3b9f3bad935331d44fa9942bda156f3f7bc98c04427117bfd86ae89306fb.pdf
5d2774e84efc03637c72202dc28782e0178c2f36162b424f2c6a4e147a3e63f4,INE002L01015,,2013,mixed,mid,both,52,D:\sem_iitk\sem9\thesis\sep_week1\arpipe-0.1.0\live_store\blobs\5d\27\5d2774e84efc03637c72202dc28782e0178c2f36162b424f2c6a4e147a3e63f4.pdf
e75eb3c9e6a3a73f18f96a2906419a4221c8e9406c713ca976cc82306110de45,INE761H01022,,2013,mixed,mid,both,84,D:\sem_iitk\sem9\thesis\sep_week1\arpipe-0.1.0\live_store\blobs\e7\5e\e75eb3c9e6a3a73f18f96a2906419a4221c8e9406c713ca976cc82306110de45.pdf
4d7094047ffdcd917b71c6ede5941a036328a3d10cd2f8a03beb2bc517565166,INE006I01046,,2012,mixed,mid,both,104,D:\sem_iitk\sem9\thesis\sep_week1\arpipe-0.1.0\live_store\blobs\4d\70\4d7094047ffdcd917b71c6ede5941a036328a3d10cd2f8a03beb2bc517565166.pdf
419ba79d4446909585bb873d122982ec626bab8417ea7ee877d5a93e1beb4ffc,INE007A01025,,2013,mixed,mid,both,188,D:\sem_iitk\sem9\thesis\sep_week1\arpipe-0.1.0\live_store\blobs\41\9b\419ba79d4446909585bb873d122982ec626bab8417ea7ee877d5a93e1beb4ffc.pdf
6b4f799f452c9c8bccfe514aec03cc440aaaf164880f92dedd309e9d89963062,INE171A01029,,2013,mixed,mid,both,192,D:\sem_iitk\sem9\thesis\sep_week1\arpipe-0.1.0\live_store\blobs\6b\4f\6b4f799f452c9c8bccfe514aec03cc440aaaf164880f92dedd309e9d89963062.pdf
5e0a412d4a192774c403daa7956fee178fa3465078f1503e34d34d22003fce51,INE002L01015,,2012,scanned,mid,both,43,D:\sem_iitk\sem9\thesis\sep_week1\arpipe-0.1.0\live_store\blobs\5e\0a\5e0a412d4a192774c403daa7956fee178fa3465078f1503e34d34d22003fce51.pdf
ac056f0de39913579ff7e3546c78ea784492f46b256e0e86be69aa5736162557,INE482A01020,,2012,digital,small,both,116,D:\sem_iitk\sem9\thesis\sep_week1\arpipe-0.1.0\live_store\blobs\ac\05\ac056f0de39913579ff7e3546c78ea784492f46b256e0e86be69aa5736162557.pdf
e68cb02ddc41f4b53977b367c337add55a834facbbc907bb8505a5d22bc0bd96,INE191H01014,,2013,digital,small,both,110,D:\sem_iitk\sem9\thesis\sep_week1\arpipe-0.1.0\live_store\blobs\e6\8c\e68cb02ddc41f4b53977b367c337add55a834facbbc907bb8505a5d22bc0bd96.pdf
f97f93eef3bb87fced844242ac7789d10002e30f27ea2fe92f51e30f11344ead,INE191H01014,,2012,digital,small,both,104,D:\sem_iitk\sem9\thesis\sep_week1\arpipe-0.1.0\live_store\blobs\f9\7f\f97f93eef3bb87fced844242ac7789d10002e30f27ea2fe92f51e30f11344ead.pdf
4e62913a8863fab4f45c90c7f4ee328b232124ec02071cf61b1e4864cf850606,INE192B01031,,2012,digital,small,both,150,D:\sem_iitk\sem9\thesis\sep_week1\arpipe-0.1.0\live_store\blobs\4e\62\4e62913a8863fab4f45c90c7f4ee328b232124ec02071cf61b1e4864cf850606.pdf
1711171ff8edc5051f62c21869c885059481311309757f85954f6fa35df94f3d,INE192B01031,,2013,digital,small,both,121,D:\sem_iitk\sem9\thesis\sep_week1\arpipe-0.1.0\live_store\blobs\17\11\1711171ff8edc5051f62c21869c885059481311309757f85954f6fa35df94f3d.pdf
41e7e3720ea2060b23a5c0aa91bafe3ab1f4bf165150f93f2195e4f5c6a54f4e,INE008A01015,,2013,digital,small,both,202,D:\sem_iitk\sem9\thesis\sep_week1\arpipe-0.1.0\live_store\blobs\41\e7\41e7e3720ea2060b23a5c0aa91bafe3ab1f4bf165150f93f2195e4f5c6a54f4e.pdf
43eb0d49e59d7fee138022b874d8e303e671a683d9763a8864c3c9747656f518,INE482A01020,,2013,digital,small,both,136,D:\sem_iitk\sem9\thesis\sep_week1\arpipe-0.1.0\live_store\blobs\43\eb\43eb0d49e59d7fee138022b874d8e303e671a683d9763a8864c3c9747656f518.pdf
a8bcd04d6ec38da4f503aa9c4abf9c51c264a617b4b6b18f56215224234695a0,INE008A01015,,2012,mixed,small,both,229,D:\sem_iitk\sem9\thesis\sep_week1\arpipe-0.1.0\live_store\blobs\a8\bc\a8bcd04d6ec38da4f503aa9c4abf9c51c264a617b4b6b18f56215224234695a0.pdf
ffeb15ba2d5dce924fa35d1c00a56ec981f5e740f36fbb288d23c3db5ccad6b5,INE119A01028,,2013,mixed,small,both,140,D:\sem_iitk\sem9\thesis\sep_week1\arpipe-0.1.0\live_store\blobs\ff\eb\ffeb15ba2d5dce924fa35d1c00a56ec981f5e740f36fbb288d23c3db5ccad6b5.pdf
1e61c8f8f1b707d33ce30dc89c031246cbe2f81f59d4353e596d53d151f2d252,INE119A01028,,2012,mixed,small,both,132,D:\sem_iitk\sem9\thesis\sep_week1\arpipe-0.1.0\live_store\blobs\1e\61\1e61c8f8f1b707d33ce30dc89c031246cbe2f81f59d4353e596d53d151f2d252.pdf
85a43a887ebb82dfa83e2be710dcf39e815571c702aa0459ecfda2ce0b4481b4,INE001B01026,,2012,digital,micro,both,104,D:\sem_iitk\sem9\thesis\sep_week1\arpipe-0.1.0\live_store\blobs\85\a4\85a43a887ebb82dfa83e2be710dcf39e815571c702aa0459ecfda2ce0b4481b4.pdf
c1bc59575b9407e17e8d266464ec2e92c7eee600744abd5494089f4dcc4207c8,INE006C01015,,2010,digital,micro,bse,26,D:\sem_iitk\sem9\thesis\sep_week1\arpipe-0.1.0\arpipe\p11_store\blobs\c1\bc\c1bc59575b9407e17e8d266464ec2e92c7eee600744abd5494089f4dcc4207c8.pdf
9f97d060e4ea6dc5435edc1e758bcf83f38247880952e872c5465ad814069ee6,INE001O01029,,2012,digital,micro,bse,32,D:\sem_iitk\sem9\thesis\sep_week1\arpipe-0.1.0\live_store\blobs\9f\97\9f97d060e4ea6dc5435edc1e758bcf83f38247880952e872c5465ad814069ee6.pdf
eadc5029f16c33a91cf122fa51bc516ba896f37aa9e4b9751aba7efe5d264ba8,INE004E01016,,2012,digital,micro,bse,76,D:\sem_iitk\sem9\thesis\sep_week1\arpipe-0.1.0\live_store\blobs\ea\dc\eadc5029f16c33a91cf122fa51bc516ba896f37aa9e4b9751aba7efe5d264ba8.pdf
51f9884c026445d0f7687d41414d9193ea16fe637c3b74617fa7d8477f94dbe4,INE003F01015,,2012,digital,micro,bse,45,D:\sem_iitk\sem9\thesis\sep_week1\arpipe-0.1.0\live_store\blobs\51\f9\51f9884c026445d0f7687d41414d9193ea16fe637c3b74617fa7d8477f94dbe4.pdf
bd6ad137a7a3b8e4609c93ff8bc16265aa0efc709233a4dd5b79e54ccc853fbc,INE004E01016,,2013,digital,micro,bse,81,D:\sem_iitk\sem9\thesis\sep_week1\arpipe-0.1.0\live_store\blobs\bd\6a\bd6ad137a7a3b8e4609c93ff8bc16265aa0efc709233a4dd5b79e54ccc853fbc.pdf
82dddee265891d2900a0c1029d97d91856a2decb8361a6c52275f49d5053cc9e,INE003F01015,,2013,digital,micro,bse,48,D:\sem_iitk\sem9\thesis\sep_week1\arpipe-0.1.0\live_store\blobs\82\dd\82dddee265891d2900a0c1029d97d91856a2decb8361a6c52275f49d5053cc9e.pdf
f14b33e27ee960e8eea8d66e80036ffa45f132194765af3fda617950512b6e25,INE002E01010,,2012,digital,micro,bse,40,D:\sem_iitk\sem9\thesis\sep_week1\arpipe-0.1.0\live_store\blobs\f1\4b\f14b33e27ee960e8eea8d66e80036ffa45f132194765af3fda617950512b6e25.pdf
e9260e0004a0acea803a172956029d231b7dee6aa184dbf222f582da173ed9ce,INE002B01016,,2013,digital,micro,bse,79,D:\sem_iitk\sem9\thesis\sep_week1\arpipe-0.1.0\live_store\blobs\e9\26\e9260e0004a0acea803a172956029d231b7dee6aa184dbf222f582da173ed9ce.pdf
86326cd1589be403ed993e45ca699c92b945d81887261a1aac7c718c2990da36,INE175A01038,,2011,mixed,micro,both,144,D:\sem_iitk\sem9\thesis\sep_week1\arpipe-0.1.0\arpipe\p11_store\blobs\86\32\86326cd1589be403ed993e45ca699c92b945d81887261a1aac7c718c2990da36.pdf
2bac9f14c400ea136247d2e16cc9da8826f7b773c31de7e148db1cbd1190a2db,INE006C01015,,2012,mixed,micro,bse,31,D:\sem_iitk\sem9\thesis\sep_week1\arpipe-0.1.0\live_store\blobs\2b\ac\2bac9f14c400ea136247d2e16cc9da8826f7b773c31de7e148db1cbd1190a2db.pdf
506af41f735e68862997ee112b2a80df1b288149d7bcff69324b822567cc8dab,INE002E01010,,2013,mixed,micro,bse,41,D:\sem_iitk\sem9\thesis\sep_week1\arpipe-0.1.0\live_store\blobs\50\6a\506af41f735e68862997ee112b2a80df1b288149d7bcff69324b822567cc8dab.pdf
f934459f048686d3c2169322c6b2bc731a83e4ac182dbffa878257222736e386,INE005E01013,,2013,mixed,micro,bse,78,D:\sem_iitk\sem9\thesis\sep_week1\arpipe-0.1.0\live_store\blobs\f9\34\f934459f048686d3c2169322c6b2bc731a83e4ac182dbffa878257222736e386.pdf
65a39f97ae2faecdebd901d5487886dbdc3380a282772fc6528fe9449edebd85,INE001B01026,,2013,mixed,micro,both,120,D:\sem_iitk\sem9\thesis\sep_week1\arpipe-0.1.0\live_store\blobs\65\a3\65a39f97ae2faecdebd901d5487886dbdc3380a282772fc6528fe9449edebd85.pdf
1293abc0a3835396a6c82d1dd327d076ae350dc7a64d49bf682dba0602d05fc0,INE006C01015,,2013,mixed,micro,bse,31,D:\sem_iitk\sem9\thesis\sep_week1\arpipe-0.1.0\live_store\blobs\12\93\1293abc0a3835396a6c82d1dd327d076ae350dc7a64d49bf682dba0602d05fc0.pdf
eab8aa48f124b68ab28a362ded5f6e46331154125654bd629c4942aba9aaae2e,INE002B01016,,2012,mixed,micro,bse,77,D:\sem_iitk\sem9\thesis\sep_week1\arpipe-0.1.0\live_store\blobs\ea\b8\eab8aa48f124b68ab28a362ded5f6e46331154125654bd629c4942aba9aaae2e.pdf
edc9a15f53d68ac648fad9db5afc2d47906021f98b7a5e3085f8858450075a66,INE003B01014,,2011,scanned,micro,bse,48,D:\sem_iitk\sem9\thesis\sep_week1\arpipe-0.1.0\live_store\blobs\ed\c9\edc9a15f53d68ac648fad9db5afc2d47906021f98b7a5e3085f8858450075a66.pdf
b9d52ac73af11d751b6996d38a1f95897f0fec87046e3cb8af53109ae02e0fe7,INE081A01020,,2018,digital,large,both,413,D:\sem_iitk\sem9\thesis\sep_week1\arpipe-0.1.0\live_store\blobs\b9\d5\b9d52ac73af11d751b6996d38a1f95897f0fec87046e3cb8af53109ae02e0fe7.pdf
b237251a6a35622748dd3512b6e23d8a992669781cd2debc6b3287a394f4275b,INE733E01010,,2014,digital,large,both,261,D:\sem_iitk\sem9\thesis\sep_week1\arpipe-0.1.0\arpipe\p11_store\blobs\b2\37\b237251a6a35622748dd3512b6e23d8a992669781cd2debc6b3287a394f4275b.pdf
a194d6ff73fc9975bb0095c3269d2c63480a802eebd0919ceef5bd389da6e42e,INE154A01025,,2017,digital,large,both,344,D:\sem_iitk\sem9\thesis\sep_week1\arpipe-0.1.0\live_store\blobs\a1\94\a194d6ff73fc9975bb0095c3269d2c63480a802eebd0919ceef5bd389da6e42e.pdf
8e699f31caa074fa14ff605e281acc3dc14de73336e0cb7bd0bce7b59d964a61,INE044A01036,,2018,digital,large,both,261,D:\sem_iitk\sem9\thesis\sep_week1\arpipe-0.1.0\live_store\blobs\8e\69\8e699f31caa074fa14ff605e281acc3dc14de73336e0cb7bd0bce7b59d964a61.pdf
65f9f2569702dee3187aa6a57caeba1c295e5c97eab21570990cd900716f4796,INE154A01025,,2018,digital,large,both,334,D:\sem_iitk\sem9\thesis\sep_week1\arpipe-0.1.0\live_store\blobs\65\f9\65f9f2569702dee3187aa6a57caeba1c295e5c97eab21570990cd900716f4796.pdf
b588fbff20f69bf75cbd0dd1207e4ad48b616875218fb58488a4b047a40c4208,INE081A01020,,2017,digital,large,both,381,D:\sem_iitk\sem9\thesis\sep_week1\arpipe-0.1.0\live_store\blobs\b5\88\b588fbff20f69bf75cbd0dd1207e4ad48b616875218fb58488a4b047a40c4208.pdf
5378aa22c774a2be796fbf6490844f0fc1fd31632d5b149897894614cc6dfbf7,INE009A01021,,2017,digital,large,both,261,D:\sem_iitk\sem9\thesis\sep_week1\arpipe-0.1.0\live_store\blobs\53\78\5378aa22c774a2be796fbf6490844f0fc1fd31632d5b149897894614cc6dfbf7.pdf
a92ec874a698232e567b718ac71f406995a2ea89b7ad39d14810efc75b4d7248,INE002A01018,,2017,digital,large,both,461,D:\sem_iitk\sem9\thesis\sep_week1\arpipe-0.1.0\live_store\blobs\a9\2e\a92ec874a698232e567b718ac71f406995a2ea89b7ad39d14810efc75b4d7248.pdf
72ffe7dd0038b00a2a95ddcc0f22e6b626b472de8633713313b090ec02493914,INE044A01036,,2017,digital,large,both,313,D:\sem_iitk\sem9\thesis\sep_week1\arpipe-0.1.0\live_store\blobs\72\ff\72ffe7dd0038b00a2a95ddcc0f22e6b626b472de8633713313b090ec02493914.pdf
d7685d1ac37ba440d468d6180b99e12120d96cb8ffe84104faed7ca787fac555,INE154A01025,,2014,mixed,large,both,250,D:\sem_iitk\sem9\thesis\sep_week1\arpipe-0.1.0\arpipe\p11_store\blobs\d7\68\d7685d1ac37ba440d468d6180b99e12120d96cb8ffe84104faed7ca787fac555.pdf
528fb52b970812d51d621216b9667115fa35c499e980b8dc6d119b1972e8006d,INE040A01034,,2017,mixed,large,both,220,D:\sem_iitk\sem9\thesis\sep_week1\arpipe-0.1.0\live_store\blobs\52\8f\528fb52b970812d51d621216b9667115fa35c499e980b8dc6d119b1972e8006d.pdf
98012b40f1bb58d93cca9dfa643da9216e1bab8467da924eccb034d113b33bc5,INE040A01034,,2018,mixed,large,both,244,D:\sem_iitk\sem9\thesis\sep_week1\arpipe-0.1.0\live_store\blobs\98\01\98012b40f1bb58d93cca9dfa643da9216e1bab8467da924eccb034d113b33bc5.pdf
e7c871f5fd43287bbaa1627774e509472ae44372075a6179135a8fd80dd487d7,INE009A01021,,2018,mixed,large,both,119,D:\sem_iitk\sem9\thesis\sep_week1\arpipe-0.1.0\live_store\blobs\e7\c8\e7c871f5fd43287bbaa1627774e509472ae44372075a6179135a8fd80dd487d7.pdf
3c12799b657541213f47910b4326952652cdc6ee53ec593e8a959f933e2ae0f3,INE002A01018,,2018,scanned,large,both,447,D:\sem_iitk\sem9\thesis\sep_week1\arpipe-0.1.0\live_store\blobs\3c\12\3c12799b657541213f47910b4326952652cdc6ee53ec593e8a959f933e2ae0f3.pdf
c6e3283c6a5cf247244f996de7ec23d79309e2bc5e08a64909e28616bba56dd0,INE006I01046,,2017,digital,mid,both,165,D:\sem_iitk\sem9\thesis\sep_week1\arpipe-0.1.0\live_store\blobs\c6\e3\c6e3283c6a5cf247244f996de7ec23d79309e2bc5e08a64909e28616bba56dd0.pdf
8480ff44472d387fa845563745e4539989bb0a8ae6c4f1c79b44e7908f7fadb0,INE761H01022,,2017,digital,mid,both,115,D:\sem_iitk\sem9\thesis\sep_week1\arpipe-0.1.0\live_store\blobs\84\80\8480ff44472d387fa845563745e4539989bb0a8ae6c4f1c79b44e7908f7fadb0.pdf
9c1ab47a56b86dc7867960b1ff14f8cfa4861fc09fcb09d05597bf2bba3df1ba,INE002L01015,,2018,digital,mid,both,229,D:\sem_iitk\sem9\thesis\sep_week1\arpipe-0.1.0\live_store\blobs\9c\1a\9c1ab47a56b86dc7867960b1ff14f8cfa4861fc09fcb09d05597bf2bba3df1ba.pdf
c4061954a05c44aef57c01c894a0b3ca4a199c9df53167adea6c97ca223238bb,INE797F01020,,2017,digital,mid,both,197,D:\sem_iitk\sem9\thesis\sep_week1\arpipe-0.1.0\live_store\blobs\c4\06\c4061954a05c44aef57c01c894a0b3ca4a199c9df53167adea6c97ca223238bb.pdf
1796908df6c06c13b1ce4e5c04f39c8c876d0494262d36f3aab705482ce1e06b,INE797F01020,,2018,digital,mid,both,193,D:\sem_iitk\sem9\thesis\sep_week1\arpipe-0.1.0\live_store\blobs\17\96\1796908df6c06c13b1ce4e5c04f39c8c876d0494262d36f3aab705482ce1e06b.pdf
c65d2ada7910502e7ccc83992c98f68ad4bade44b0e1cd58a55b3bd1775d5803,INE151A01013,,2017,digital,mid,both,300,D:\sem_iitk\sem9\thesis\sep_week1\arpipe-0.1.0\live_store\blobs\c6\5d\c65d2ada7910502e7ccc83992c98f68ad4bade44b0e1cd58a55b3bd1775d5803.pdf
0eff7ba82b8e5811a09d2ead5189605ce1cfbca072bee5b0f57f003b91b08769,INE171A01029,,2017,digital,mid,both,335,D:\sem_iitk\sem9\thesis\sep_week1\arpipe-0.1.0\live_store\blobs\0e\ff\0eff7ba82b8e5811a09d2ead5189605ce1cfbca072bee5b0f57f003b91b08769.pdf
caae2c5d920664fb02ac91e33083635ee91b3671f03a8e73ca63990bd6c4dfc8,INE761H01022,,2018,digital,mid,both,115,D:\sem_iitk\sem9\thesis\sep_week1\arpipe-0.1.0\live_store\blobs\ca\ae\caae2c5d920664fb02ac91e33083635ee91b3671f03a8e73ca63990bd6c4dfc8.pdf
f3870645c3d4c599bf761f37a76bbafbeed7a4ea95f67ae561e4ac5d4ccfd53d,INE007A01025,,2018,digital,mid,both,250,D:\sem_iitk\sem9\thesis\sep_week1\arpipe-0.1.0\live_store\blobs\f3\87\f3870645c3d4c599bf761f37a76bbafbeed7a4ea95f67ae561e4ac5d4ccfd53d.pdf
4dff5dd592bd347194798f9e25e96f3531db7a5d0961fb6434544a4f0234e6bf,INE226A01021,,2017,mixed,mid,both,213,D:\sem_iitk\sem9\thesis\sep_week1\arpipe-0.1.0\live_store\blobs\4d\ff\4dff5dd592bd347194798f9e25e96f3531db7a5d0961fb6434544a4f0234e6bf.pdf
d1b6a479cc7e28829f2f786ac2e46208b2b2f4d4a59ec0b30cb47421a3aeeaa0,INE171A01029,,2018,mixed,mid,both,240,D:\sem_iitk\sem9\thesis\sep_week1\arpipe-0.1.0\live_store\blobs\d1\b6\d1b6a479cc7e28829f2f786ac2e46208b2b2f4d4a59ec0b30cb47421a3aeeaa0.pdf
ad5579d7193f5bff7e97d9e05e7711e0b030fa42fb874971032c13a0ef84ca0c,INE00FF01025,,2015,digital,small,both,1,D:\sem_iitk\sem9\thesis\sep_week1\arpipe-0.1.0\live_store\blobs\ad\55\ad5579d7193f5bff7e97d9e05e7711e0b030fa42fb874971032c13a0ef84ca0c.pdf
28ed7b6a3053aa475dcfe8e587417fdbd25c4f7dfaaf670e76eb30595b7bee81,INE191H01014,,2018,digital,small,both,218,D:\sem_iitk\sem9\thesis\sep_week1\arpipe-0.1.0\live_store\blobs\28\ed\28ed7b6a3053aa475dcfe8e587417fdbd25c4f7dfaaf670e76eb30595b7bee81.pdf
78e81b08cebe7913b9f1584bef0f449d66d6e404f28c8161d5a88d24dbfd1e65,INE002S01010,,2018,digital,small,both,165,D:\sem_iitk\sem9\thesis\sep_week1\arpipe-0.1.0\live_store\blobs\78\e8\78e81b08cebe7913b9f1584bef0f449d66d6e404f28c8161d5a88d24dbfd1e65.pdf
06c8df4d32962c388909c765f4554c12635fd7fe3c2279b1ea51e08cbcc1210d,INE008A01015,,2017,digital,small,both,390,D:\sem_iitk\sem9\thesis\sep_week1\arpipe-0.1.0\live_store\blobs\06\c8\06c8df4d32962c388909c765f4554c12635fd7fe3c2279b1ea51e08cbcc1210d.pdf
63dbce38652ba5a68ae68554303ea8e99478c7cd79450576e1f44535418f9345,INE008A01015,,2018,digital,small,both,348,D:\sem_iitk\sem9\thesis\sep_week1\arpipe-0.1.0\live_store\blobs\63\db\63dbce38652ba5a68ae68554303ea8e99478c7cd79450576e1f44535418f9345.pdf
177d0e4dc477f822973a7fe7cad58523f93ed89967280340d6bf452421ca5189,INE482A01020,,2018,digital,small,both,285,D:\sem_iitk\sem9\thesis\sep_week1\arpipe-0.1.0\live_store\blobs\17\7d\177d0e4dc477f822973a7fe7cad58523f93ed89967280340d6bf452421ca5189.pdf
52b4f4ced950788a3c852bd9474f83c092f8a58fe9181c2cf7acb6dcfc612a6c,INE192B01031,,2017,digital,small,both,289,D:\sem_iitk\sem9\thesis\sep_week1\arpipe-0.1.0\live_store\blobs\52\b4\52b4f4ced950788a3c852bd9474f83c092f8a58fe9181c2cf7acb6dcfc612a6c.pdf
141e69522edec37b5823a058ed210412a3774fd9f125548d6683e38cefdeb765,INE191H01014,,2017,digital,small,both,219,D:\sem_iitk\sem9\thesis\sep_week1\arpipe-0.1.0\live_store\blobs\14\1e\141e69522edec37b5823a058ed210412a3774fd9f125548d6683e38cefdeb765.pdf
29781cdde4c132519a7ac8a70bf633d7b409249ca665611fec76c945b3f89e37,INE119A01028,,2018,digital,small,both,257,D:\sem_iitk\sem9\thesis\sep_week1\arpipe-0.1.0\live_store\blobs\29\78\29781cdde4c132519a7ac8a70bf633d7b409249ca665611fec76c945b3f89e37.pdf
8626ed2609023d2906a47e8bcefc91749a4945e797ac4e3e861f68794f8ed54d,INE192B01031,,2018,mixed,small,both,244,D:\sem_iitk\sem9\thesis\sep_week1\arpipe-0.1.0\live_store\blobs\86\26\8626ed2609023d2906a47e8bcefc91749a4945e797ac4e3e861f68794f8ed54d.pdf
4b9cd8aa0e62a3236733e450e4c9fe7a02b13177672f8a824ee351a9d35efe48,INE002S01010,,2017,mixed,small,both,173,D:\sem_iitk\sem9\thesis\sep_week1\arpipe-0.1.0\live_store\blobs\4b\9c\4b9cd8aa0e62a3236733e450e4c9fe7a02b13177672f8a824ee351a9d35efe48.pdf
bcbd2c26ca1aacccb1a7b7b68adf3fda2f10b09b27a0fcfbc255dc7072bd9324,INE005E01013,,2017,digital,micro,bse,90,D:\sem_iitk\sem9\thesis\sep_week1\arpipe-0.1.0\live_store\blobs\bc\bd\bcbd2c26ca1aacccb1a7b7b68adf3fda2f10b09b27a0fcfbc255dc7072bd9324.pdf
79ffd006fc0fc6b8d97c28e00fa4f9eae09d63f6b84df1b48d15d2faf19bcfec,INE006C01015,,2018,digital,micro,bse,51,D:\sem_iitk\sem9\thesis\sep_week1\arpipe-0.1.0\live_store\blobs\79\ff\79ffd006fc0fc6b8d97c28e00fa4f9eae09d63f6b84df1b48d15d2faf19bcfec.pdf
84dc91e82accd8ec6cd972fc26c149df1a90cd5aaf30c97d3579cb49cf4df2e4,INE002B01016,,2018,digital,micro,bse,147,D:\sem_iitk\sem9\thesis\sep_week1\arpipe-0.1.0\live_store\blobs\84\dc\84dc91e82accd8ec6cd972fc26c149df1a90cd5aaf30c97d3579cb49cf4df2e4.pdf
1407c9446c3b97c2617117cdc5edfe0149680c7bb5812244623430ad4981ac2d,INE003B01014,,2018,digital,micro,bse,74,D:\sem_iitk\sem9\thesis\sep_week1\arpipe-0.1.0\live_store\blobs\14\07\1407c9446c3b97c2617117cdc5edfe0149680c7bb5812244623430ad4981ac2d.pdf
7d6c7f1dff985bd0ddb0e3f676f1673c0a0a73c9a8e5561ea362e0c5b00118cc,INE001F01019,,2017,digital,micro,bse,48,D:\sem_iitk\sem9\thesis\sep_week1\arpipe-0.1.0\live_store\blobs\7d\6c\7d6c7f1dff985bd0ddb0e3f676f1673c0a0a73c9a8e5561ea362e0c5b00118cc.pdf
81f182a29e1321adae44e7022763374fefd9b3fad75d51f94c8ef34b85f5e4f3,INE001O01029,,2017,digital,micro,bse,71,D:\sem_iitk\sem9\thesis\sep_week1\arpipe-0.1.0\live_store\blobs\81\f1\81f182a29e1321adae44e7022763374fefd9b3fad75d51f94c8ef34b85f5e4f3.pdf
760754d9348d868700c6afe3a99e365241a5e0bcbe20f2930f9c7b24a417ffdb,INE002B01016,,2017,digital,micro,bse,113,D:\sem_iitk\sem9\thesis\sep_week1\arpipe-0.1.0\live_store\blobs\76\07\760754d9348d868700c6afe3a99e365241a5e0bcbe20f2930f9c7b24a417ffdb.pdf
07d7ef68807f64353f662e3bbd38b9e1a76e9c448307381ed41ceee241c788a7,INE001O01029,,2018,digital,micro,bse,74,D:\sem_iitk\sem9\thesis\sep_week1\arpipe-0.1.0\live_store\blobs\07\d7\07d7ef68807f64353f662e3bbd38b9e1a76e9c448307381ed41ceee241c788a7.pdf
ede8a4693046d2182c3a5cbc068c708305be3b5f2c09e30278d63de3e7ef01c8,INE003F01015,,2017,digital,micro,bse,60,D:\sem_iitk\sem9\thesis\sep_week1\arpipe-0.1.0\live_store\blobs\ed\e8\ede8a4693046d2182c3a5cbc068c708305be3b5f2c09e30278d63de3e7ef01c8.pdf
a7f1aa3e11271d82730e322f7bff4ff0bf937809e3bde6af26c1086426cd0393,INE001B01026,,2017,mixed,micro,both,237,D:\sem_iitk\sem9\thesis\sep_week1\arpipe-0.1.0\live_store\blobs\a7\f1\a7f1aa3e11271d82730e322f7bff4ff0bf937809e3bde6af26c1086426cd0393.pdf
b261b2932470e172246c535803ce1586dd99a4442f16a3aaf1f62bdfc3e4316d,INE714B01016,,2014,mixed,micro,bse,34,D:\sem_iitk\sem9\thesis\sep_week1\arpipe-0.1.0\arpipe\p11_store\blobs\b2\61\b261b2932470e172246c535803ce1586dd99a4442f16a3aaf1f62bdfc3e4316d.pdf
fc3571e80cc578381676fdf3626f518a3f5138e1d28cd77482dc4e235911a8d0,INE001B01026,,2014,mixed,micro,both,112,D:\sem_iitk\sem9\thesis\sep_week1\arpipe-0.1.0\arpipe\p11_store\blobs\fc\35\fc3571e80cc578381676fdf3626f518a3f5138e1d28cd77482dc4e235911a8d0.pdf
cff36dacff70715da6b6e09b4509abc9b9190ff15ed7bf2e4c840d8561f2f5b2,INE001B01026,,2018,mixed,micro,both,247,D:\sem_iitk\sem9\thesis\sep_week1\arpipe-0.1.0\live_store\blobs\cf\f3\cff36dacff70715da6b6e09b4509abc9b9190ff15ed7bf2e4c840d8561f2f5b2.pdf
eb1db90ac4b641369bbef5c6fdec9cbe9848c6abe16943b39588d0cd8f3958fe,INE001F01019,,2018,mixed,micro,bse,79,D:\sem_iitk\sem9\thesis\sep_week1\arpipe-0.1.0\live_store\blobs\eb\1d\eb1db90ac4b641369bbef5c6fdec9cbe9848c6abe16943b39588d0cd8f3958fe.pdf
73c9aba9314f2a879e5bba9d9bbec279f90505b62c16f97e2d893a89c124612e,INE004C01028,,2017,mixed,micro,bse,63,D:\sem_iitk\sem9\thesis\sep_week1\arpipe-0.1.0\live_store\blobs\73\c9\73c9aba9314f2a879e5bba9d9bbec279f90505b62c16f97e2d893a89c124612e.pdf
abc0664bb0f83fc60b54898aef71b5554ae95a8eeb7fbe8a3a854309bd84224b,INE044A01036,,2025,digital,large,both,327,D:\sem_iitk\sem9\thesis\sep_week1\arpipe-0.1.0\live_store\blobs\ab\c0\abc0664bb0f83fc60b54898aef71b5554ae95a8eeb7fbe8a3a854309bd84224b.pdf
870be0ca867c1c562337a5319d09cac353a85dbb7907dce7c13ee47ad7af3e21,INE081A01020,,2024,digital,large,both,582,D:\sem_iitk\sem9\thesis\sep_week1\arpipe-0.1.0\live_store\blobs\87\0b\870be0ca867c1c562337a5319d09cac353a85dbb7907dce7c13ee47ad7af3e21.pdf
7631720e90f7e7623b993c5d4109f008966516a7f08c193d5c6ba16e7f0af480,INE081A01020,,2025,digital,large,both,554,D:\sem_iitk\sem9\thesis\sep_week1\arpipe-0.1.0\live_store\blobs\76\31\7631720e90f7e7623b993c5d4109f008966516a7f08c193d5c6ba16e7f0af480.pdf
fcd7ef37de26997fed3bcf2b7cfb9eb90f08d4e2617f5f3f967a1ac621c2a73e,INE040A01034,,2024,digital,large,both,610,D:\sem_iitk\sem9\thesis\sep_week1\arpipe-0.1.0\live_store\blobs\fc\d7\fcd7ef37de26997fed3bcf2b7cfb9eb90f08d4e2617f5f3f967a1ac621c2a73e.pdf
b0a9bb9e802aff5f09733b8c78c88e9878732ac46e0fb29754c6da87ad47326a,INE009A01021,,2024,digital,large,both,353,D:\sem_iitk\sem9\thesis\sep_week1\arpipe-0.1.0\live_store\blobs\b0\a9\b0a9bb9e802aff5f09733b8c78c88e9878732ac46e0fb29754c6da87ad47326a.pdf
cef9cf09cefa71094985018a88b936733ff2c3a02b7cc6cd772fdeb8b75a9c97,INE154A01025,,2024,digital,large,both,456,D:\sem_iitk\sem9\thesis\sep_week1\arpipe-0.1.0\live_store\blobs\ce\f9\cef9cf09cefa71094985018a88b936733ff2c3a02b7cc6cd772fdeb8b75a9c97.pdf
875360e8667a46c33d0e33859b4cf363a6cdf68754e3220db9ce77b62fae434a,INE040A01034,,2025,digital,large,both,591,D:\sem_iitk\sem9\thesis\sep_week1\arpipe-0.1.0\live_store\blobs\87\53\875360e8667a46c33d0e33859b4cf363a6cdf68754e3220db9ce77b62fae434a.pdf
dbb9d8021b365cc095ef9e5c6917e4ec4fe7cca079672ece3beb6284128c9343,INE044A01036,,2024,digital,large,both,313,D:\sem_iitk\sem9\thesis\sep_week1\arpipe-0.1.0\live_store\blobs\db\b9\dbb9d8021b365cc095ef9e5c6917e4ec4fe7cca079672ece3beb6284128c9343.pdf
6b4cb6251ee52c35e7b2d0744089f7dcaba4da86f64a522ff249d0aa376e0925,INE154A01025,,2025,digital,large,both,428,D:\sem_iitk\sem9\thesis\sep_week1\arpipe-0.1.0\live_store\blobs\6b\4c\6b4cb6251ee52c35e7b2d0744089f7dcaba4da86f64a522ff249d0aa376e0925.pdf
4e65d79ed0c336f5a97ae1664f18af9db7fbefbef30fafd35595dea0925c746a,INE007A01025,,2025,digital,mid,both,373,D:\sem_iitk\sem9\thesis\sep_week1\arpipe-0.1.0\live_store\blobs\4e\65\4e65d79ed0c336f5a97ae1664f18af9db7fbefbef30fafd35595dea0925c746a.pdf
ba5ca28c77ae87453fbf869451bc15b09a14dfc6dbaee8cce13aed08c9767838,INE007A01025,,2024,digital,mid,both,435,D:\sem_iitk\sem9\thesis\sep_week1\arpipe-0.1.0\live_store\blobs\ba\5c\ba5ca28c77ae87453fbf869451bc15b09a14dfc6dbaee8cce13aed08c9767838.pdf
8d50b3dacf0a39d2e58cacad0375beb7d2a23f8899472c598eea915405d35e30,INE151A01013,,2024,digital,mid,both,195,D:\sem_iitk\sem9\thesis\sep_week1\arpipe-0.1.0\live_store\blobs\8d\50\8d50b3dacf0a39d2e58cacad0375beb7d2a23f8899472c598eea915405d35e30.pdf
3b08080af3d1d69a27620c06a97784b3bbb8fb5187a24b9c02f252a9ade6d6bf,INE006I01046,,2025,digital,mid,both,239,D:\sem_iitk\sem9\thesis\sep_week1\arpipe-0.1.0\live_store\blobs\3b\08\3b08080af3d1d69a27620c06a97784b3bbb8fb5187a24b9c02f252a9ade6d6bf.pdf
1894487aceade75f001e04e7e39ed74fb44381b25927f7c05c9e424c42ba1b40,INE226A01021,,2024,digital,mid,both,460,D:\sem_iitk\sem9\thesis\sep_week1\arpipe-0.1.0\live_store\blobs\18\94\1894487aceade75f001e04e7e39ed74fb44381b25927f7c05c9e424c42ba1b40.pdf
e1f48191c3aa007a4d2c0bd3f72076e67359fb7df62e6d2e3074cd381c566c71,INE006I01046,,2024,digital,mid,both,252,D:\sem_iitk\sem9\thesis\sep_week1\arpipe-0.1.0\live_store\blobs\e1\f4\e1f48191c3aa007a4d2c0bd3f72076e67359fb7df62e6d2e3074cd381c566c71.pdf
0931a7abc8ca646c5dc6afde716db8fbda9223e5f30f1a1f4f14bf59daf55ed6,INE797F01020,,2025,digital,mid,both,164,D:\sem_iitk\sem9\thesis\sep_week1\arpipe-0.1.0\live_store\blobs\09\31\0931a7abc8ca646c5dc6afde716db8fbda9223e5f30f1a1f4f14bf59daf55ed6.pdf
e2027f21bb684518e643f74b01ba21eb54e8c5f42696af3cc255ed4f241ba47e,INE761H01022,,2025,digital,mid,both,202,D:\sem_iitk\sem9\thesis\sep_week1\arpipe-0.1.0\live_store\blobs\e2\02\e2027f21bb684518e643f74b01ba21eb54e8c5f42696af3cc255ed4f241ba47e.pdf
9eea027a8f86f6f5bc196f6e14bc07b67db2c56c9cd4d6d137334b06b9634bbf,INE171A01029,,2025,digital,mid,both,421,D:\sem_iitk\sem9\thesis\sep_week1\arpipe-0.1.0\live_store\blobs\9e\ea\9eea027a8f86f6f5bc196f6e14bc07b67db2c56c9cd4d6d137334b06b9634bbf.pdf
730233fd582027ea7c09a53e3df0aee73afc2949e38cbbf8c6f852f9681fe75f,INE002L01015,,2024,mixed,mid,both,241,D:\sem_iitk\sem9\thesis\sep_week1\arpipe-0.1.0\live_store\blobs\73\02\730233fd582027ea7c09a53e3df0aee73afc2949e38cbbf8c6f852f9681fe75f.pdf
bbc5156db65cead9890e170eba069390b43aad1948b69ef52fa8b42d594f765e,INE00LO01017,,2024,digital,small,both,129,D:\sem_iitk\sem9\thesis\sep_week1\arpipe-0.1.0\live_store\blobs\bb\c5\bbc5156db65cead9890e170eba069390b43aad1948b69ef52fa8b42d594f765e.pdf
814886152ee1e682bc610e861e41d1806f6531eef5bd1c9f472c5abfc75972cc,INE192B01031,,2024,digital,small,both,435,D:\sem_iitk\sem9\thesis\sep_week1\arpipe-0.1.0\live_store\blobs\81\48\814886152ee1e682bc610e861e41d1806f6531eef5bd1c9f472c5abfc75972cc.pdf
b0c5d9e610ca5676a1a408a459a8531441816becf9a757471c546262c15f7356,INE002S01010,,2024,digital,small,both,172,D:\sem_iitk\sem9\thesis\sep_week1\arpipe-0.1.0\live_store\blobs\b0\c5\b0c5d9e610ca5676a1a408a459a8531441816becf9a757471c546262c15f7356.pdf
1d26601c877ba57cf163f9454174ce45cfdb803b777345c44bf7e7a3103586f2,INE119A01028,,2024,digital,small,both,414,D:\sem_iitk\sem9\thesis\sep_week1\arpipe-0.1.0\live_store\blobs\1d\26\1d26601c877ba57cf163f9454174ce45cfdb803b777345c44bf7e7a3103586f2.pdf
b59ae03a8541538b39baae54453536722f03b6c4ebe9dc62208bd450ed901c2b,INE191H01014,,2024,digital,small,both,172,D:\sem_iitk\sem9\thesis\sep_week1\arpipe-0.1.0\live_store\blobs\b5\9a\b59ae03a8541538b39baae54453536722f03b6c4ebe9dc62208bd450ed901c2b.pdf
f51fa2ce953846c8906a5e2fb6f2e7e9766ac305a7e3ddc2e4482e51039169db,INE191H01014,,2025,digital,small,both,309,D:\sem_iitk\sem9\thesis\sep_week1\arpipe-0.1.0\live_store\blobs\f5\1f\f51fa2ce953846c8906a5e2fb6f2e7e9766ac305a7e3ddc2e4482e51039169db.pdf
0cd2d75144a18f342cc451f489feaacd6ee6dfe5304b268f4d485267f43051c2,INE00FF01025,,2025,digital,small,both,241,D:\sem_iitk\sem9\thesis\sep_week1\arpipe-0.1.0\live_store\blobs\0c\d2\0cd2d75144a18f342cc451f489feaacd6ee6dfe5304b268f4d485267f43051c2.pdf
9b8c4a3c89885f392061f293f0afe18128be2bcbec5666f62255ea974937ba57,INE00E101023,,2025,digital,small,both,354,D:\sem_iitk\sem9\thesis\sep_week1\arpipe-0.1.0\live_store\blobs\9b\8c\9b8c4a3c89885f392061f293f0afe18128be2bcbec5666f62255ea974937ba57.pdf
599fa0156caf55027fa2a482979b5288311ed46e5c2b0464f812146540f35e6d,INE482A01020,,2025,digital,small,both,187,D:\sem_iitk\sem9\thesis\sep_week1\arpipe-0.1.0\live_store\blobs\59\9f\599fa0156caf55027fa2a482979b5288311ed46e5c2b0464f812146540f35e6d.pdf
79b590350451bb6eedb98984b4bacd91b31380c85a6526816e55af8b97cd55b5,INE008A01015,,2025,mixed,small,both,661,D:\sem_iitk\sem9\thesis\sep_week1\arpipe-0.1.0\live_store\blobs\79\b5\79b590350451bb6eedb98984b4bacd91b31380c85a6526816e55af8b97cd55b5.pdf
c649947487fb9b43909572987333bddab11b0227b33c0a7094d7c50654eef657,INE119A01028,,2025,mixed,small,both,482,D:\sem_iitk\sem9\thesis\sep_week1\arpipe-0.1.0\live_store\blobs\c6\49\c649947487fb9b43909572987333bddab11b0227b33c0a7094d7c50654eef657.pdf
07ecda71317e04d48499e654f42b294123694064ac48948f19d88c60f34bcd8f,INE192B01031,,2025,mixed,small,both,463,D:\sem_iitk\sem9\thesis\sep_week1\arpipe-0.1.0\live_store\blobs\07\ec\07ecda71317e04d48499e654f42b294123694064ac48948f19d88c60f34bcd8f.pdf
630adfbb19a1f021a2353d6f92831bdb4deec4ac32005be839ac336ba6da8902,INE006C01015,,2024,digital,micro,bse,62,D:\sem_iitk\sem9\thesis\sep_week1\arpipe-0.1.0\live_store\blobs\63\0a\630adfbb19a1f021a2353d6f92831bdb4deec4ac32005be839ac336ba6da8902.pdf
7a4f1a963222265043d2cc62f24d525cbd85af2da8342fa248089ecce38296e4,INE004Z01011,,2025,digital,micro,bse,92,D:\sem_iitk\sem9\thesis\sep_week1\arpipe-0.1.0\live_store\blobs\7a\4f\7a4f1a963222265043d2cc62f24d525cbd85af2da8342fa248089ecce38296e4.pdf
15a71c45b368a79f9c0a185740eb97876582915dad14cbca7567e8b46ba1b450,INE003F01015,,2025,digital,micro,bse,89,D:\sem_iitk\sem9\thesis\sep_week1\arpipe-0.1.0\live_store\blobs\15\a7\15a71c45b368a79f9c0a185740eb97876582915dad14cbca7567e8b46ba1b450.pdf
22b287d7c3e3306dcb741a0e2551d5ad7d1dfb4670aca4ecda4d9156bc8a8630,INE001O01029,,2024,digital,micro,bse,96,D:\sem_iitk\sem9\thesis\sep_week1\arpipe-0.1.0\live_store\blobs\22\b2\22b287d7c3e3306dcb741a0e2551d5ad7d1dfb4670aca4ecda4d9156bc8a8630.pdf
67439158974b6f3dca1e27d73c7272949391b886f8ea55086a4e2b6a66e9acd8,INE002B01016,,2025,digital,micro,bse,119,D:\sem_iitk\sem9\thesis\sep_week1\arpipe-0.1.0\live_store\blobs\67\43\67439158974b6f3dca1e27d73c7272949391b886f8ea55086a4e2b6a66e9acd8.pdf
8944db14283b448a6e1fe1d873cdad5b01643593bc0d5dbfd043fb82a9aaee3f,INE004E01016,,2025,digital,micro,bse,95,D:\sem_iitk\sem9\thesis\sep_week1\arpipe-0.1.0\live_store\blobs\89\44\8944db14283b448a6e1fe1d873cdad5b01643593bc0d5dbfd043fb82a9aaee3f.pdf
b4223457258a5d8fb358ca768daa652f7b987ca753ef478857e84049bcff3468,INE001E01012,,2024,digital,micro,both,179,D:\sem_iitk\sem9\thesis\sep_week1\arpipe-0.1.0\arpipe\pilot_store\blobs\b4\22\b4223457258a5d8fb358ca768daa652f7b987ca753ef478857e84049bcff3468.pdf
445f0d7dc6b77177994abb8d1aecd92c6ddac70f71b7d21bfa232bc6e524610f,INE006C01015,,2025,digital,micro,bse,63,D:\sem_iitk\sem9\thesis\sep_week1\arpipe-0.1.0\live_store\blobs\44\5f\445f0d7dc6b77177994abb8d1aecd92c6ddac70f71b7d21bfa232bc6e524610f.pdf
b94f484e5c56c1a354763aab059fd81c53e867128c2f321ec5fdf51a401b2606,INE001O01029,,2025,digital,micro,bse,104,D:\sem_iitk\sem9\thesis\sep_week1\arpipe-0.1.0\live_store\blobs\b9\4f\b94f484e5c56c1a354763aab059fd81c53e867128c2f321ec5fdf51a401b2606.pdf
3febf85887da6640e50371d6d726ada073275da379f5406dfcb2a3bb86bfb46f,INE005E01013,,2024,mixed,micro,bse,162,D:\sem_iitk\sem9\thesis\sep_week1\arpipe-0.1.0\live_store\blobs\3f\eb\3febf85887da6640e50371d6d726ada073275da379f5406dfcb2a3bb86bfb46f.pdf
22d87e86093fe19cc7250f3a282dc9bff3536ac5fe4b2bde81fca1f73a29e7c5,INE005E01013,,2025,mixed,micro,bse,148,D:\sem_iitk\sem9\thesis\sep_week1\arpipe-0.1.0\live_store\blobs\22\d8\22d87e86093fe19cc7250f3a282dc9bff3536ac5fe4b2bde81fca1f73a29e7c5.pdf
2077b668cbc7290b91420f4a49abfb0585df84bddfdbc03cd94fac8bc6412914,INE004C01028,,2024,scanned,micro,bse,68,D:\sem_iitk\sem9\thesis\sep_week1\arpipe-0.1.0\live_store\blobs\20\77\2077b668cbc7290b91420f4a49abfb0585df84bddfdbc03cd94fac8bc6412914.pdf
