document_id,pdf_path,sha256,issuer,fiscal_year,total_pages,split,development_flag,challenge_flag,holdout_flag,native_page_count,ocr_page_count,scanned_page_count,legacy_candidate_page_count,hidden_text_candidate_page_count,duplicate_text_candidate_page_count,devanagari_page_count,bilingual_candidate_page_count,one_column_page_count,two_column_page_count,multi_column_page_count,table_candidate_page_count,header_candidate_page_count,footer_candidate_page_count,toc_candidate,toc_offset_candidate,deep_hierarchy_candidate,annexure_candidate,combined_mdna_candidate,long_report_category,document_representation,evidence_status,notes
INE001B01026_2012,D:\sem_iitk\sem9\thesis\sep_week1\arpipe-0.1.0\live_store\blobs\85\a4\85a43a887ebb82dfa83e2be710dcf39e815571c702aa0459ecfda2ce0b4481b4.pdf,85a43a887ebb82dfa83e2be710dcf39e815571c702aa0459ecfda2ce0b4481b4,KRBL Limited,2012,104,VALIDATION,False,False,False,103,2,0,0,0,2,0,0,33,42,29,104,0,104,True,1,False,True,True,MEDIUM,MIXED,OBSERVED,"Q1=92.75, Median=165.0, Q3=249.25"
INE001B01026_2013,D:\sem_iitk\sem9\thesis\sep_week1\arpipe-0.1.0\live_store\blobs\65\a3\65a39f97ae2faecdebd901d5487886dbdc3380a282772fc6528fe9449edebd85.pdf,65a39f97ae2faecdebd901d5487886dbdc3380a282772fc6528fe9449edebd85,KRBL Limited,2013,120,VALIDATION,False,True,False,116,0,2,26,0,0,0,0,21,43,56,96,0,0,True,UNKNOWN,False,True,False,MEDIUM,MIXED,OBSERVED,"Q1=92.75, Median=165.0, Q3=249.25"
INE001B01026_2017,D:\sem_iitk\sem9\thesis\sep_week1\arpipe-0.1.0\live_store\blobs\a7\f1\a7f1aa3e11271d82730e322f7bff4ff0bf937809e3bde6af26c1086426cd0393.pdf,a7f1aa3e11271d82730e322f7bff4ff0bf937809e3bde6af26c1086426cd0393,KRBL Limited,2017,237,VALIDATION,False,True,False,228,2,1,1,0,0,0,0,32,92,113,232,0,0,True,UNKNOWN,False,True,False,MEDIUM,MIXED,OBSERVED,"Q1=92.75, Median=165.0, Q3=249.25"
INE001B01026_2018,D:\sem_iitk\sem9\thesis\sep_week1\arpipe-0.1.0\live_store\blobs\cf\f3\cff36dacff70715da6b6e09b4509abc9b9190ff15ed7bf2e4c840d8561f2f5b2.pdf,cff36dacff70715da6b6e09b4509abc9b9190ff15ed7bf2e4c840d8561f2f5b2,KRBL Limited,2018,247,VALIDATION,False,False,False,239,9,1,0,0,1,0,0,47,116,84,212,0,7,True,UNKNOWN,False,True,False,MEDIUM,MIXED,OBSERVED,"Q1=92.75, Median=165.0, Q3=249.25"
INE001B01026_2024,D:\sem_iitk\sem9\thesis\sep_week1\arpipe-0.1.0\live_store\blobs\47\74\47744fb5b66bf3c5c47e8647e30f91d1243c2a671d26b580275772feca3be610.pdf,47744fb5b66bf3c5c47e8647e30f91d1243c2a671d26b580275772feca3be610,KRBL Limited,2024,155,VALIDATION,False,False,False,155,1,0,5,0,1,0,0,2,149,4,155,150,0,True,UNKNOWN,True,True,False,MEDIUM,MIXED,OBSERVED,"Q1=92.75, Median=165.0, Q3=249.25"
INE001B01026_2025,D:\sem_iitk\sem9\thesis\sep_week1\arpipe-0.1.0\live_store\blobs\ae\bc\aebce9df42a3fec535b85099546b61d94c406086e2e183220c894808554d5d07.pdf,aebce9df42a3fec535b85099546b61d94c406086e2e183220c894808554d5d07,KRBL Limited,2025,324,VALIDATION,False,False,False,322,1,2,0,0,0,0,0,12,126,186,270,33,33,True,-15,True,True,False,LONG,MIXED,OBSERVED,"Q1=92.75, Median=165.0, Q3=249.25"
INE001F01019_2012,D:\sem_iitk\sem9\thesis\sep_week1\arpipe-0.1.0\live_store\blobs\7c\a9\7ca96fce59cda07b884371a9af00365ccde511c33e5aaabb515b79df5e459dcb.pdf,7ca96fce59cda07b884371a9af00365ccde511c33e5aaabb515b79df5e459dcb,Modern Steels Limited,2012,43,FIT,True,True,False,42,0,0,0,0,0,0,0,4,11,28,13,0,0,True,UNKNOWN,False,True,False,SHORT,NATIVE,OBSERVED,"Q1=92.75, Median=165.0, Q3=249.25"
INE001F01019_2013,D:\sem_iitk\sem9\thesis\sep_week1\arpipe-0.1.0\live_store\blobs\b4\3f\b43ffd8429742abbb63df738c25524448013c04f24a16ab8ce7a841307d1dd06.pdf,b43ffd8429742abbb63df738c25524448013c04f24a16ab8ce7a841307d1dd06,Modern Steels Limited,2013,46,FIT,True,True,False,45,0,0,0,0,0,0,0,5,15,26,14,0,0,True,UNKNOWN,False,True,False,SHORT,NATIVE,OBSERVED,"Q1=92.75, Median=165.0, Q3=249.25"
INE001F01019_2017,D:\sem_iitk\sem9\thesis\sep_week1\arpipe-0.1.0\live_store\blobs\7d\6c\7d6c7f1dff985bd0ddb0e3f676f1673c0a0a73c9a8e5561ea362e0c5b00118cc.pdf,7d6c7f1dff985bd0ddb0e3f676f1673c0a0a73c9a8e5561ea362e0c5b00118cc,Modern Steels Limited,2017,48,FIT,True,False,False,46,0,0,0,0,0,0,0,13,11,24,35,0,0,True,UNKNOWN,False,True,False,SHORT,NATIVE,OBSERVED,"Q1=92.75, Median=165.0, Q3=249.25"
INE001F01019_2018,D:\sem_iitk\sem9\thesis\sep_week1\arpipe-0.1.0\live_store\blobs\eb\1d\eb1db90ac4b641369bbef5c6fdec9cbe9848c6abe16943b39588d0cd8f3958fe.pdf,eb1db90ac4b641369bbef5c6fdec9cbe9848c6abe16943b39588d0cd8f3958fe,Modern Steels Limited,2018,79,FIT,True,False,False,73,0,1,2,0,0,0,0,22,21,36,45,0,0,True,UNKNOWN,False,True,False,SHORT,MIXED,OBSERVED,"Q1=92.75, Median=165.0, Q3=249.25"
INE001F01019_2024,D:\sem_iitk\sem9\thesis\sep_week1\arpipe-0.1.0\live_store\blobs\be\99\be99894412fec2286577b6347fd4a6f6800470ccf44b5a905db3b2db4aa54e38.pdf,be99894412fec2286577b6347fd4a6f6800470ccf44b5a905db3b2db4aa54e38,Modern Steels Limited,2024,52,FIT,True,False,False,49,0,0,0,0,0,0,0,8,21,23,27,0,0,True,11,False,True,False,SHORT,NATIVE,OBSERVED,"Q1=92.75, Median=165.0, Q3=249.25"
INE001F01019_2025,D:\sem_iitk\sem9\thesis\sep_week1\arpipe-0.1.0\live_store\blobs\e6\69\e66945691df2a14d83442d060cf61e398e8317f1d9ad63bbe6202a410f588f22.pdf,e66945691df2a14d83442d060cf61e398e8317f1d9ad63bbe6202a410f588f22,Modern Steels Limited,2025,48,FIT,False,False,False,46,0,0,0,0,0,0,0,8,19,21,26,0,0,True,11,False,True,False,SHORT,NATIVE,OBSERVED,"Q1=92.75, Median=165.0, Q3=249.25"
INE001O01029_2012,D:\sem_iitk\sem9\thesis\sep_week1\arpipe-0.1.0\live_store\blobs\9f\97\9f97d060e4ea6dc5435edc1e758bcf83f38247880952e872c5465ad814069ee6.pdf,9f97d060e4ea6dc5435edc1e758bcf83f38247880952e872c5465ad814069ee6,Risa International Limited,2012,32,HOLDOUT,False,False,True,32,0,0,0,0,0,0,0,17,0,15,32,31,0,True,UNRESOLVED,False,True,False,SHORT,NATIVE,OBSERVED,"Q1=92.75, Median=165.0, Q3=249.25"
INE001O01029_2013,D:\sem_iitk\sem9\thesis\sep_week1\arpipe-0.1.0\live_store\blobs\3f\8c\3f8c94f2ccc212bbe21873647892c51e7a83ddd9c98ce4f0eeadc0e96be9383e.pdf,3f8c94f2ccc212bbe21873647892c51e7a83ddd9c98ce4f0eeadc0e96be9383e,Risa International Limited,2013,35,HOLDOUT,False,False,True,34,0,1,0,0,0,0,0,11,2,22,24,0,0,True,UNKNOWN,False,True,True,SHORT,MIXED,OBSERVED,"Q1=92.75, Median=165.0, Q3=249.25"
INE001O01029_2017,D:\sem_iitk\sem9\thesis\sep_week1\arpipe-0.1.0\live_store\blobs\81\f1\81f182a29e1321adae44e7022763374fefd9b3fad75d51f94c8ef34b85f5e4f3.pdf,81f182a29e1321adae44e7022763374fefd9b3fad75d51f94c8ef34b85f5e4f3,Risa International Limited,2017,71,HOLDOUT,False,False,True,70,0,1,0,0,0,0,0,12,4,55,46,66,0,True,UNKNOWN,False,True,False,SHORT,MIXED,OBSERVED,"Q1=92.75, Median=165.0, Q3=249.25"
INE001O01029_2018,D:\sem_iitk\sem9\thesis\sep_week1\arpipe-0.1.0\live_store\blobs\07\d7\07d7ef68807f64353f662e3bbd38b9e1a76e9c448307381ed41ceee241c788a7.pdf,07d7ef68807f64353f662e3bbd38b9e1a76e9c448307381ed41ceee241c788a7,Risa International Limited,2018,74,HOLDOUT,False,False,True,74,0,0,0,0,0,0,0,16,4,54,45,62,0,True,UNKNOWN,False,True,False,SHORT,NATIVE,OBSERVED,"Q1=92.75, Median=165.0, Q3=249.25"
INE001O01029_2024,D:\sem_iitk\sem9\thesis\sep_week1\arpipe-0.1.0\live_store\blobs\22\b2\22b287d7c3e3306dcb741a0e2551d5ad7d1dfb4670aca4ecda4d9156bc8a8630.pdf,22b287d7c3e3306dcb741a0e2551d5ad7d1dfb4670aca4ecda4d9156bc8a8630,Risa International Limited,2024,96,HOLDOUT,False,False,True,96,1,0,0,0,1,0,0,8,2,86,10,0,0,True,UNKNOWN,False,True,True,MEDIUM,MIXED,OBSERVED,"Q1=92.75, Median=165.0, Q3=249.25"
INE001O01029_2025,D:\sem_iitk\sem9\thesis\sep_week1\arpipe-0.1.0\live_store\blobs\b9\4f\b94f484e5c56c1a354763aab059fd81c53e867128c2f321ec5fdf51a401b2606.pdf,b94f484e5c56c1a354763aab059fd81c53e867128c2f321ec5fdf51a401b2606,Risa International Limited,2025,104,HOLDOUT,False,False,True,104,1,0,0,0,2,0,0,39,3,62,10,90,0,True,UNKNOWN,False,True,True,MEDIUM,MIXED,OBSERVED,"Q1=92.75, Median=165.0, Q3=249.25"
INE002A01018_2012,D:\sem_iitk\sem9\thesis\sep_week1\arpipe-0.1.0\live_store\blobs\7d\5e\7d5e6932d247fc16e41791ecbd03fc25403955c65b4b649536e09a46d50e795a.pdf,7d5e6932d247fc16e41791ecbd03fc25403955c65b4b649536e09a46d50e795a,Reliance Industries Limited,2012,220,FIT,False,True,False,219,1,0,0,0,0,0,0,60,93,67,219,0,2,True,UNKNOWN,False,True,False,MEDIUM,MIXED,OBSERVED,"Q1=92.75, Median=165.0, Q3=249.25"
INE002A01018_2013,D:\sem_iitk\sem9\thesis\sep_week1\arpipe-0.1.0\live_store\blobs\39\f0\39f0bf74cb5ae371b4d4613b016c854bb19b63ff7f4fb44084f4ecd9fbf23cdd.pdf,39f0bf74cb5ae371b4d4613b016c854bb19b63ff7f4fb44084f4ecd9fbf23cdd,Reliance Industries Limited,2013,228,FIT,True,True,False,226,1,1,7,0,0,0,0,39,110,79,133,0,0,True,UNKNOWN,True,True,False,MEDIUM,MIXED,OBSERVED,"Q1=92.75, Median=165.0, Q3=249.25"
INE002A01018_2017,D:\sem_iitk\sem9\thesis\sep_week1\arpipe-0.1.0\live_store\blobs\a9\2e\a92ec874a698232e567b718ac71f406995a2ea89b7ad39d14810efc75b4d7248.pdf,a92ec874a698232e567b718ac71f406995a2ea89b7ad39d14810efc75b4d7248,Reliance Industries Limited,2017,461,FIT,False,False,False,460,1,1,0,0,0,0,0,61,247,153,413,0,4,True,UNKNOWN,True,True,False,EXTREME,MIXED,OBSERVED,"Q1=92.75, Median=165.0, Q3=249.25"
INE002A01018_2018,D:\sem_iitk\sem9\thesis\sep_week1\arpipe-0.1.0\live_store\blobs\3c\12\3c12799b657541213f47910b4326952652cdc6ee53ec593e8a959f933e2ae0f3.pdf,3c12799b657541213f47910b4326952652cdc6ee53ec593e8a959f933e2ae0f3,Reliance Industries Limited,2018,447,FIT,True,True,False,447,1,0,395,0,0,0,0,57,214,176,343,0,13,True,UNKNOWN,False,True,False,VERY_LONG,MIXED,OBSERVED,"Q1=92.75, Median=165.0, Q3=249.25"
INE002A01018_2024,D:\sem_iitk\sem9\thesis\sep_week1\arpipe-0.1.0\live_store\blobs\4d\7d\4d7d6038b4d6957981fb422bc501ea893765c24611ea1fa8a5d3cd9425541eae.pdf,4d7d6038b4d6957981fb422bc501ea893765c24611ea1fa8a5d3cd9425541eae,Reliance Industries Limited,2024,181,FIT,False,False,False,181,0,0,0,0,0,0,0,0,172,9,174,161,175,True,UNKNOWN,False,True,True,MEDIUM,NATIVE,OBSERVED,"Q1=92.75, Median=165.0, Q3=249.25"
INE002A01018_2025,D:\sem_iitk\sem9\thesis\sep_week1\arpipe-0.1.0\live_store\blobs\c4\6a\c46ac824ba00bc39d70f66fcaece42dc1af4e32dd91c2a9038fc443618ec2908.pdf,c46ac824ba00bc39d70f66fcaece42dc1af4e32dd91c2a9038fc443618ec2908,Reliance Industries Limited,2025,174,FIT,True,False,False,174,0,0,0,0,0,0,0,0,157,17,152,135,154,True,UNKNOWN,False,True,False,MEDIUM,NATIVE,OBSERVED,"Q1=92.75, Median=165.0, Q3=249.25"
INE002B01016_2012,D:\sem_iitk\sem9\thesis\sep_week1\arpipe-0.1.0\live_store\blobs\ea\b8\eab8aa48f124b68ab28a362ded5f6e46331154125654bd629c4942aba9aaae2e.pdf,eab8aa48f124b68ab28a362ded5f6e46331154125654bd629c4942aba9aaae2e,MADALA HOLDINGS LIMITED,2012,77,HOLDOUT,False,True,True,76,1,1,0,0,0,0,0,28,7,42,4,0,0,True,UNKNOWN,False,True,False,SHORT,MIXED,OBSERVED,"Q1=92.75, Median=165.0, Q3=249.25"
INE002B01016_2013,D:\sem_iitk\sem9\thesis\sep_week1\arpipe-0.1.0\live_store\blobs\e9\26\e9260e0004a0acea803a172956029d231b7dee6aa184dbf222f582da173ed9ce.pdf,e9260e0004a0acea803a172956029d231b7dee6aa184dbf222f582da173ed9ce,MADALA HOLDINGS LIMITED,2013,79,HOLDOUT,False,True,True,79,1,0,0,0,0,0,0,32,4,43,1,0,0,True,UNKNOWN,False,True,False,SHORT,MIXED,OBSERVED,"Q1=92.75, Median=165.0, Q3=249.25"
INE002B01016_2017,D:\sem_iitk\sem9\thesis\sep_week1\arpipe-0.1.0\live_store\blobs\76\07\760754d9348d868700c6afe3a99e365241a5e0bcbe20f2930f9c7b24a417ffdb.pdf,760754d9348d868700c6afe3a99e365241a5e0bcbe20f2930f9c7b24a417ffdb,MADALA HOLDINGS LIMITED,2017,113,HOLDOUT,False,False,True,113,1,0,0,0,0,0,0,70,2,41,49,112,0,True,UNKNOWN,False,True,False,MEDIUM,MIXED,OBSERVED,"Q1=92.75, Median=165.0, Q3=249.25"
INE002B01016_2018,D:\sem_iitk\sem9\thesis\sep_week1\arpipe-0.1.0\live_store\blobs\84\dc\84dc91e82accd8ec6cd972fc26c149df1a90cd5aaf30c97d3579cb49cf4df2e4.pdf,84dc91e82accd8ec6cd972fc26c149df1a90cd5aaf30c97d3579cb49cf4df2e4,MADALA HOLDINGS LIMITED,2018,147,HOLDOUT,False,False,True,145,0,0,0,0,0,0,0,97,0,50,67,143,2,True,UNKNOWN,False,True,False,MEDIUM,NATIVE,OBSERVED,"Q1=92.75, Median=165.0, Q3=249.25"
INE002B01016_2024,D:\sem_iitk\sem9\thesis\sep_week1\arpipe-0.1.0\live_store\blobs\dc\fb\dcfb7065c6a6a4ebe2b37309b78689e61025380dc5d0e36a451d925be0be6ab6.pdf,dcfb7065c6a6a4ebe2b37309b78689e61025380dc5d0e36a451d925be0be6ab6,MADALA HOLDINGS LIMITED,2024,169,HOLDOUT,False,False,True,167,0,0,0,0,0,0,0,106,1,62,50,165,0,True,UNKNOWN,False,True,True,MEDIUM,NATIVE,OBSERVED,"Q1=92.75, Median=165.0, Q3=249.25"
INE002B01016_2025,D:\sem_iitk\sem9\thesis\sep_week1\arpipe-0.1.0\live_store\blobs\67\43\67439158974b6f3dca1e27d73c7272949391b886f8ea55086a4e2b6a66e9acd8.pdf,67439158974b6f3dca1e27d73c7272949391b886f8ea55086a4e2b6a66e9acd8,MADALA HOLDINGS LIMITED,2025,119,HOLDOUT,False,False,True,117,1,0,0,0,0,0,0,66,3,50,31,116,3,True,UNKNOWN,False,True,True,MEDIUM,MIXED,OBSERVED,"Q1=92.75, Median=165.0, Q3=249.25"
INE002E01010_2012,D:\sem_iitk\sem9\thesis\sep_week1\arpipe-0.1.0\live_store\blobs\f1\4b\f14b33e27ee960e8eea8d66e80036ffa45f132194765af3fda617950512b6e25.pdf,f14b33e27ee960e8eea8d66e80036ffa45f132194765af3fda617950512b6e25,Sar  Auto Products Limited,2012,40,HOLDOUT,False,False,True,40,0,0,0,0,0,0,0,23,9,8,26,13,0,False,NO_TOC,False,True,False,SHORT,NATIVE,OBSERVED,"Q1=92.75, Median=165.0, Q3=249.25"
INE002E01010_2013,D:\sem_iitk\sem9\thesis\sep_week1\arpipe-0.1.0\live_store\blobs\50\6a\506af41f735e68862997ee112b2a80df1b288149d7bcff69324b822567cc8dab.pdf,506af41f735e68862997ee112b2a80df1b288149d7bcff69324b822567cc8dab,Sar  Auto Products Limited,2013,41,HOLDOUT,False,True,True,17,0,18,0,0,0,0,0,39,0,2,12,4,4,False,NO_TOC,False,True,False,SHORT,MIXED,OBSERVED,"Q1=92.75, Median=165.0, Q3=249.25"
INE002E01010_2017,D:\sem_iitk\sem9\thesis\sep_week1\arpipe-0.1.0\live_store\blobs\6d\0c\6d0cb7f7c3148ec7a6dcecfa01e3e5c1711ee64ea09a61f356828fd82b2b704b.pdf,6d0cb7f7c3148ec7a6dcecfa01e3e5c1711ee64ea09a61f356828fd82b2b704b,Sar  Auto Products Limited,2017,81,HOLDOUT,False,False,True,80,0,0,0,0,0,0,0,44,12,25,50,10,0,True,UNKNOWN,False,True,False,SHORT,NATIVE,OBSERVED,"Q1=92.75, Median=165.0, Q3=249.25"
INE002E01010_2018,D:\sem_iitk\sem9\thesis\sep_week1\arpipe-0.1.0\live_store\blobs\38\04\380487f45c313901f6306e1dd24d44f629d63c071902b2b1e327e4227fd6e0c5.pdf,380487f45c313901f6306e1dd24d44f629d63c071902b2b1e327e4227fd6e0c5,Sar  Auto Products Limited,2018,96,HOLDOUT,False,False,True,95,1,0,0,0,0,0,0,50,2,44,62,11,0,True,UNKNOWN,False,True,False,MEDIUM,MIXED,OBSERVED,"Q1=92.75, Median=165.0, Q3=249.25"
INE002E01010_2024,D:\sem_iitk\sem9\thesis\sep_week1\arpipe-0.1.0\live_store\blobs\9c\ab\9cab164dfae58457f4b2ced9e2dfb2b46b2ec493528acf9f50c3906da7324e24.pdf,9cab164dfae58457f4b2ced9e2dfb2b46b2ec493528acf9f50c3906da7324e24,Sar  Auto Products Limited,2024,112,HOLDOUT,False,False,True,112,0,0,3,0,0,0,0,62,14,36,64,29,0,True,UNKNOWN,False,True,False,MEDIUM,NATIVE,OBSERVED,"Q1=92.75, Median=165.0, Q3=249.25"
INE002E01010_2025,D:\sem_iitk\sem9\thesis\sep_week1\arpipe-0.1.0\live_store\blobs\05\da\05da41540d2e075326ef41b2c9e264f69f047410b8df041fe942bbf7ab9fe5ac.pdf,05da41540d2e075326ef41b2c9e264f69f047410b8df041fe942bbf7ab9fe5ac,Sar  Auto Products Limited,2025,107,HOLDOUT,False,False,True,107,0,0,3,0,0,0,0,60,16,31,65,27,0,True,UNKNOWN,False,True,False,MEDIUM,NATIVE,OBSERVED,"Q1=92.75, Median=165.0, Q3=249.25"
INE002L01015_2012,D:\sem_iitk\sem9\thesis\sep_week1\arpipe-0.1.0\live_store\blobs\5e\0a\5e0a412d4a192774c403daa7956fee178fa3465078f1503e34d34d22003fce51.pdf,5e0a412d4a192774c403daa7956fee178fa3465078f1503e34d34d22003fce51,SJVN Limited,2012,43,HOLDOUT,False,True,True,0,0,43,0,0,0,0,0,43,0,0,0,0,0,False,NO_TOC,False,False,False,SHORT,SCANNED,OBSERVED,"Q1=92.75, Median=165.0, Q3=249.25"
INE002L01015_2013,D:\sem_iitk\sem9\thesis\sep_week1\arpipe-0.1.0\live_store\blobs\5d\27\5d2774e84efc03637c72202dc28782e0178c2f36162b424f2c6a4e147a3e63f4.pdf,5d2774e84efc03637c72202dc28782e0178c2f36162b424f2c6a4e147a3e63f4,SJVN Limited,2013,52,HOLDOUT,False,False,True,51,0,1,0,0,0,0,0,7,21,24,51,0,4,True,UNKNOWN,False,True,False,SHORT,MIXED,OBSERVED,"Q1=92.75, Median=165.0, Q3=249.25"
INE002L01015_2017,D:\sem_iitk\sem9\thesis\sep_week1\arpipe-0.1.0\live_store\blobs\41\bf\41bf69f3f6ef06c856a0bbdf3fb38abc66de123b7e0f79565fd20c777ed1d65c.pdf,41bf69f3f6ef06c856a0bbdf3fb38abc66de123b7e0f79565fd20c777ed1d65c,SJVN Limited,2017,242,HOLDOUT,False,False,True,233,0,4,0,0,0,0,0,56,100,86,199,0,0,True,UNKNOWN,False,True,False,MEDIUM,MIXED,OBSERVED,"Q1=92.75, Median=165.0, Q3=249.25"
INE002L01015_2018,D:\sem_iitk\sem9\thesis\sep_week1\arpipe-0.1.0\live_store\blobs\9c\1a\9c1ab47a56b86dc7867960b1ff14f8cfa4861fc09fcb09d05597bf2bba3df1ba.pdf,9c1ab47a56b86dc7867960b1ff14f8cfa4861fc09fcb09d05597bf2bba3df1ba,SJVN Limited,2018,229,HOLDOUT,False,False,True,216,0,4,1,0,0,0,0,55,77,97,217,0,0,True,UNKNOWN,False,True,True,MEDIUM,MIXED,OBSERVED,"Q1=92.75, Median=165.0, Q3=249.25"
INE002L01015_2024,D:\sem_iitk\sem9\thesis\sep_week1\arpipe-0.1.0\live_store\blobs\73\02\730233fd582027ea7c09a53e3df0aee73afc2949e38cbbf8c6f852f9681fe75f.pdf,730233fd582027ea7c09a53e3df0aee73afc2949e38cbbf8c6f852f9681fe75f,SJVN Limited,2024,241,HOLDOUT,False,True,True,233,0,0,26,0,0,1,1,75,61,105,238,0,0,True,UNKNOWN,False,True,True,MEDIUM,NATIVE,OBSERVED,"Q1=92.75, Median=165.0, Q3=249.25"
INE002L01015_2025,D:\sem_iitk\sem9\thesis\sep_week1\arpipe-0.1.0\live_store\blobs\10\70\1070a70a65c9f05df0de48a7a7484cd1adf6eddd51803209aad362b912db7406.pdf,1070a70a65c9f05df0de48a7a7484cd1adf6eddd51803209aad362b912db7406,SJVN Limited,2025,253,HOLDOUT,False,True,True,242,4,3,0,0,7,1,1,18,70,165,241,0,0,True,UNKNOWN,False,True,True,LONG,MIXED,OBSERVED,"Q1=92.75, Median=165.0, Q3=249.25"
INE002S01010_2017,D:\sem_iitk\sem9\thesis\sep_week1\arpipe-0.1.0\live_store\blobs\4b\9c\4b9cd8aa0e62a3236733e450e4c9fe7a02b13177672f8a824ee351a9d35efe48.pdf,4b9cd8aa0e62a3236733e450e4c9fe7a02b13177672f8a824ee351a9d35efe48,Mahanagar Gas Limited,2017,173,VALIDATION,False,False,False,169,1,1,1,0,4,0,0,19,95,59,128,0,0,True,2,False,True,False,MEDIUM,MIXED,OBSERVED,"Q1=92.75, Median=165.0, Q3=249.25"
INE002S01010_2018,D:\sem_iitk\sem9\thesis\sep_week1\arpipe-0.1.0\live_store\blobs\78\e8\78e81b08cebe7913b9f1584bef0f449d66d6e404f28c8161d5a88d24dbfd1e65.pdf,78e81b08cebe7913b9f1584bef0f449d66d6e404f28c8161d5a88d24dbfd1e65,Mahanagar Gas Limited,2018,165,VALIDATION,False,True,False,164,4,0,0,0,0,0,0,12,87,66,130,0,2,True,UNKNOWN,False,True,False,MEDIUM,MIXED,OBSERVED,"Q1=92.75, Median=165.0, Q3=249.25"
INE002S01010_2024,D:\sem_iitk\sem9\thesis\sep_week1\arpipe-0.1.0\live_store\blobs\b0\c5\b0c5d9e610ca5676a1a408a459a8531441816becf9a757471c546262c15f7356.pdf,b0c5d9e610ca5676a1a408a459a8531441816becf9a757471c546262c15f7356,Mahanagar Gas Limited,2024,172,VALIDATION,False,False,False,171,0,1,0,0,0,0,0,2,166,4,171,168,0,True,UNKNOWN,True,True,False,MEDIUM,MIXED,OBSERVED,"Q1=92.75, Median=165.0, Q3=249.25"
INE002S01010_2025,D:\sem_iitk\sem9\thesis\sep_week1\arpipe-0.1.0\live_store\blobs\da\83\da8365dd2657815beed152e56a4f9ada1214e203716f15f09a831c2490cde272.pdf,da8365dd2657815beed152e56a4f9ada1214e203716f15f09a831c2490cde272,Mahanagar Gas Limited,2025,198,VALIDATION,False,False,False,198,1,0,2,0,0,0,0,1,193,4,195,188,0,True,UNKNOWN,False,True,False,MEDIUM,MIXED,OBSERVED,"Q1=92.75, Median=165.0, Q3=249.25"
INE003B01014_2011,D:\sem_iitk\sem9\thesis\sep_week1\arpipe-0.1.0\live_store\blobs\ed\c9\edc9a15f53d68ac648fad9db5afc2d47906021f98b7a5e3085f8858450075a66.pdf,edc9a15f53d68ac648fad9db5afc2d47906021f98b7a5e3085f8858450075a66,Inter State Oil Carrier Ltd,2011,48,FIT,False,True,False,0,0,48,0,0,0,0,0,48,0,0,0,0,0,False,NO_TOC,False,False,False,SHORT,SCANNED,OBSERVED,"Q1=92.75, Median=165.0, Q3=249.25"
INE003B01014_2013,D:\sem_iitk\sem9\thesis\sep_week1\arpipe-0.1.0\live_store\blobs\ac\45\ac45a5735528f6231356054269077496160bddd78b616fa01823bcf778e232a1.pdf,ac45a5735528f6231356054269077496160bddd78b616fa01823bcf778e232a1,Inter State Oil Carrier Ltd,2013,53,FIT,True,False,False,53,0,0,0,0,0,0,0,27,2,24,22,0,0,False,NO_TOC,False,True,True,SHORT,NATIVE,OBSERVED,"Q1=92.75, Median=165.0, Q3=249.25"
INE003B01014_2017,D:\sem_iitk\sem9\thesis\sep_week1\arpipe-0.1.0\live_store\blobs\79\78\7978d1c86cecaa825d81a8be5ff04531878e88f432a6fcd0432f8bd87b296bb0.pdf,7978d1c86cecaa825d81a8be5ff04531878e88f432a6fcd0432f8bd87b296bb0,Inter State Oil Carrier Ltd,2017,63,FIT,False,False,False,63,0,0,0,0,0,0,0,32,1,30,25,0,0,True,UNKNOWN,False,True,False,SHORT,NATIVE,OBSERVED,"Q1=92.75, Median=165.0, Q3=249.25"
INE003B01014_2018,D:\sem_iitk\sem9\thesis\sep_week1\arpipe-0.1.0\live_store\blobs\14\07\1407c9446c3b97c2617117cdc5edfe0149680c7bb5812244623430ad4981ac2d.pdf,1407c9446c3b97c2617117cdc5edfe0149680c7bb5812244623430ad4981ac2d,Inter State Oil Carrier Ltd,2018,74,FIT,False,False,False,74,1,0,0,1,0,0,0,35,2,37,30,0,0,True,UNKNOWN,False,True,False,SHORT,MIXED,OBSERVED,"Q1=92.75, Median=165.0, Q3=249.25"
INE003B01014_2024,D:\sem_iitk\sem9\thesis\sep_week1\arpipe-0.1.0\live_store\blobs\88\0f\880f44f7449c8a8b08536c6ca06318b19e9a74cc096fabd9bf8520f431b0f4ac.pdf,880f44f7449c8a8b08536c6ca06318b19e9a74cc096fabd9bf8520f431b0f4ac,Inter State Oil Carrier Ltd,2024,125,FIT,True,False,False,125,0,0,0,0,1,0,0,15,20,90,108,0,2,True,UNKNOWN,False,True,True,MEDIUM,NATIVE,OBSERVED,"Q1=92.75, Median=165.0, Q3=249.25"
INE003B01014_2025,D:\sem_iitk\sem9\thesis\sep_week1\arpipe-0.1.0\live_store\blobs\77\88\7788c26d0d47f50c0256c1d486f996777e29cb18c9e14b616e3c81a40a0cd169.pdf,7788c26d0d47f50c0256c1d486f996777e29cb18c9e14b616e3c81a40a0cd169,Inter State Oil Carrier Ltd,2025,124,FIT,True,False,False,124,0,0,0,0,0,0,0,35,21,68,99,2,0,True,UNKNOWN,False,True,True,MEDIUM,NATIVE,OBSERVED,"Q1=92.75, Median=165.0, Q3=249.25"
INE003F01015_2012,D:\sem_iitk\sem9\thesis\sep_week1\arpipe-0.1.0\live_store\blobs\51\f9\51f9884c026445d0f7687d41414d9193ea16fe637c3b74617fa7d8477f94dbe4.pdf,51f9884c026445d0f7687d41414d9193ea16fe637c3b74617fa7d8477f94dbe4,Muller & Phipps (India) Ltd.,2012,45,VALIDATION,False,False,False,44,0,0,0,0,0,0,0,15,4,26,33,0,0,True,UNRESOLVED,False,True,False,SHORT,NATIVE,OBSERVED,"Q1=92.75, Median=165.0, Q3=249.25"
INE003F01015_2013,D:\sem_iitk\sem9\thesis\sep_week1\arpipe-0.1.0\live_store\blobs\82\dd\82dddee265891d2900a0c1029d97d91856a2decb8361a6c52275f49d5053cc9e.pdf,82dddee265891d2900a0c1029d97d91856a2decb8361a6c52275f49d5053cc9e,Muller & Phipps (India) Ltd.,2013,48,VALIDATION,False,False,False,45,0,0,0,0,0,0,0,13,5,30,34,0,0,True,UNKNOWN,False,True,False,SHORT,NATIVE,OBSERVED,"Q1=92.75, Median=165.0, Q3=249.25"
INE003F01015_2017,D:\sem_iitk\sem9\thesis\sep_week1\arpipe-0.1.0\live_store\blobs\ed\e8\ede8a4693046d2182c3a5cbc068c708305be3b5f2c09e30278d63de3e7ef01c8.pdf,ede8a4693046d2182c3a5cbc068c708305be3b5f2c09e30278d63de3e7ef01c8,Muller & Phipps (India) Ltd.,2017,60,VALIDATION,False,False,False,56,0,0,0,0,0,0,0,25,5,30,42,0,0,True,UNKNOWN,False,True,False,SHORT,NATIVE,OBSERVED,"Q1=92.75, Median=165.0, Q3=249.25"
INE003F01015_2018,D:\sem_iitk\sem9\thesis\sep_week1\arpipe-0.1.0\live_store\blobs\64\c5\64c5b3573df779a3a158609b06b5cd3d7e50b83087aaa14d438bf2604cd36872.pdf,64c5b3573df779a3a158609b06b5cd3d7e50b83087aaa14d438bf2604cd36872,Muller & Phipps (India) Ltd.,2018,84,VALIDATION,False,False,False,81,0,0,0,0,0,0,0,14,6,64,58,0,0,True,UNKNOWN,False,True,False,SHORT,NATIVE,OBSERVED,"Q1=92.75, Median=165.0, Q3=249.25"
INE003F01015_2024,D:\sem_iitk\sem9\thesis\sep_week1\arpipe-0.1.0\live_store\blobs\3c\4d\3c4d0fa1932189e3b3bf9acf1def7603dd909f4bd771dd0a6f9d200ceae9c51b.pdf,3c4d0fa1932189e3b3bf9acf1def7603dd909f4bd771dd0a6f9d200ceae9c51b,Muller & Phipps (India) Ltd.,2024,91,VALIDATION,False,False,False,86,0,1,0,0,0,0,0,21,2,68,60,0,0,True,UNKNOWN,False,True,False,SHORT,MIXED,OBSERVED,"Q1=92.75, Median=165.0, Q3=249.25"
INE003F01015_2025,D:\sem_iitk\sem9\thesis\sep_week1\arpipe-0.1.0\live_store\blobs\15\a7\15a71c45b368a79f9c0a185740eb97876582915dad14cbca7567e8b46ba1b450.pdf,15a71c45b368a79f9c0a185740eb97876582915dad14cbca7567e8b46ba1b450,Muller & Phipps (India) Ltd.,2025,89,VALIDATION,False,False,False,84,0,1,0,0,0,0,0,20,2,67,58,0,0,True,UNKNOWN,False,True,False,SHORT,MIXED,OBSERVED,"Q1=92.75, Median=165.0, Q3=249.25"
INE004C01028_2017,D:\sem_iitk\sem9\thesis\sep_week1\arpipe-0.1.0\live_store\blobs\73\c9\73c9aba9314f2a879e5bba9d9bbec279f90505b62c16f97e2d893a89c124612e.pdf,73c9aba9314f2a879e5bba9d9bbec279f90505b62c16f97e2d893a89c124612e,Gujarat Cotex Ltd,2017,63,FIT,True,False,False,57,0,0,0,0,0,0,0,11,15,37,38,0,0,True,UNKNOWN,False,True,False,SHORT,NATIVE,OBSERVED,"Q1=92.75, Median=165.0, Q3=249.25"
INE004C01028_2018,D:\sem_iitk\sem9\thesis\sep_week1\arpipe-0.1.0\live_store\blobs\7a\bb\7abb0ef1750e2a916f4f281eb41337a9d9a59510a54f9bb3fa24aa54065edc85.pdf,7abb0ef1750e2a916f4f281eb41337a9d9a59510a54f9bb3fa24aa54065edc85,Gujarat Cotex Ltd,2018,69,FIT,False,False,False,67,0,0,0,0,0,0,0,5,26,38,33,0,0,True,UNKNOWN,False,True,False,SHORT,NATIVE,OBSERVED,"Q1=92.75, Median=165.0, Q3=249.25"
INE004C01028_2024,D:\sem_iitk\sem9\thesis\sep_week1\arpipe-0.1.0\live_store\blobs\20\77\2077b668cbc7290b91420f4a49abfb0585df84bddfdbc03cd94fac8bc6412914.pdf,2077b668cbc7290b91420f4a49abfb0585df84bddfdbc03cd94fac8bc6412914,Gujarat Cotex Ltd,2024,68,FIT,False,True,False,1,0,67,0,0,0,0,0,67,0,1,0,0,0,False,NO_TOC,False,False,False,SHORT,MIXED,OBSERVED,"Q1=92.75, Median=165.0, Q3=249.25"
INE004C01028_2025,D:\sem_iitk\sem9\thesis\sep_week1\arpipe-0.1.0\live_store\blobs\0f\15\0f1522f3a2dd3ea093d24f6896b42186b7c8e31218edba71d2149e1af38cff2b.pdf,0f1522f3a2dd3ea093d24f6896b42186b7c8e31218edba71d2149e1af38cff2b,Gujarat Cotex Ltd,2025,60,FIT,True,False,False,60,1,0,0,0,0,0,0,20,4,36,5,32,0,True,UNKNOWN,False,True,False,SHORT,MIXED,OBSERVED,"Q1=92.75, Median=165.0, Q3=249.25"
INE004E01016_2012,D:\sem_iitk\sem9\thesis\sep_week1\arpipe-0.1.0\live_store\blobs\ea\dc\eadc5029f16c33a91cf122fa51bc516ba896f37aa9e4b9751aba7efe5d264ba8.pdf,eadc5029f16c33a91cf122fa51bc516ba896f37aa9e4b9751aba7efe5d264ba8,Span Divergent Limited,2012,76,FIT,True,False,False,70,0,0,0,0,0,0,0,10,19,47,58,0,0,True,UNKNOWN,False,True,False,SHORT,NATIVE,OBSERVED,"Q1=92.75, Median=165.0, Q3=249.25"
INE004E01016_2013,D:\sem_iitk\sem9\thesis\sep_week1\arpipe-0.1.0\live_store\blobs\bd\6a\bd6ad137a7a3b8e4609c93ff8bc16265aa0efc709233a4dd5b79e54ccc853fbc.pdf,bd6ad137a7a3b8e4609c93ff8bc16265aa0efc709233a4dd5b79e54ccc853fbc,Span Divergent Limited,2013,81,FIT,False,False,False,75,0,1,0,0,0,0,0,6,24,51,80,0,0,True,UNKNOWN,False,True,False,SHORT,MIXED,OBSERVED,"Q1=92.75, Median=165.0, Q3=249.25"
INE004E01016_2017,D:\sem_iitk\sem9\thesis\sep_week1\arpipe-0.1.0\live_store\blobs\23\bf\23bfad65fdf36889ddbea27e76b532d2464b3f76eacc70f52e9a8bb7c5ea1002.pdf,23bfad65fdf36889ddbea27e76b532d2464b3f76eacc70f52e9a8bb7c5ea1002,Span Divergent Limited,2017,77,FIT,False,False,False,75,0,1,0,0,0,0,0,3,23,51,68,0,0,True,UNKNOWN,False,True,True,SHORT,MIXED,OBSERVED,"Q1=92.75, Median=165.0, Q3=249.25"
INE004E01016_2018,D:\sem_iitk\sem9\thesis\sep_week1\arpipe-0.1.0\live_store\blobs\8b\d1\8bd164a01b993db8d3ef7c4f70553a3c0aec1581ae70dfea0a3dfe480670d8d3.pdf,8bd164a01b993db8d3ef7c4f70553a3c0aec1581ae70dfea0a3dfe480670d8d3,Span Divergent Limited,2018,111,FIT,True,False,False,110,0,1,107,0,0,0,0,1,41,69,82,0,0,False,NO_TOC,False,False,False,MEDIUM,MIXED,OBSERVED,"Q1=92.75, Median=165.0, Q3=249.25"
INE004E01016_2024,D:\sem_iitk\sem9\thesis\sep_week1\arpipe-0.1.0\live_store\blobs\5d\f0\5df0bb9af53232cc35ffadba97d1ae74fcfbb6b05ba44e004f972287823b0203.pdf,5df0bb9af53232cc35ffadba97d1ae74fcfbb6b05ba44e004f972287823b0203,Span Divergent Limited,2024,98,FIT,True,False,False,98,1,0,0,0,0,0,0,64,0,34,98,6,90,True,UNKNOWN,False,True,True,MEDIUM,MIXED,OBSERVED,"Q1=92.75, Median=165.0, Q3=249.25"
INE004E01016_2025,D:\sem_iitk\sem9\thesis\sep_week1\arpipe-0.1.0\live_store\blobs\89\44\8944db14283b448a6e1fe1d873cdad5b01643593bc0d5dbfd043fb82a9aaee3f.pdf,8944db14283b448a6e1fe1d873cdad5b01643593bc0d5dbfd043fb82a9aaee3f,Span Divergent Limited,2025,95,FIT,False,False,False,95,1,0,1,0,0,0,0,61,2,32,95,7,85,True,UNKNOWN,False,True,True,MEDIUM,MIXED,OBSERVED,"Q1=92.75, Median=165.0, Q3=249.25"
INE004Z01011_2024,D:\sem_iitk\sem9\thesis\sep_week1\arpipe-0.1.0\live_store\blobs\ec\f4\ecf45ab9f08aad31c007355d127d13e2ba2097588ee221834fbcedb9ecea8c85.pdf,ecf45ab9f08aad31c007355d127d13e2ba2097588ee221834fbcedb9ecea8c85,Mac Hotels Limited,2024,84,FIT,False,False,False,84,0,0,2,0,0,0,0,55,1,28,45,82,0,True,UNKNOWN,False,True,False,SHORT,NATIVE,OBSERVED,"Q1=92.75, Median=165.0, Q3=249.25"
INE004Z01011_2025,D:\sem_iitk\sem9\thesis\sep_week1\arpipe-0.1.0\live_store\blobs\7a\4f\7a4f1a963222265043d2cc62f24d525cbd85af2da8342fa248089ecce38296e4.pdf,7a4f1a963222265043d2cc62f24d525cbd85af2da8342fa248089ecce38296e4,Mac Hotels Limited,2025,92,FIT,True,False,False,92,1,0,2,0,0,0,0,52,1,39,51,90,0,True,UNKNOWN,False,True,True,SHORT,MIXED,OBSERVED,"Q1=92.75, Median=165.0, Q3=249.25"
INE005E01013_2012,D:\sem_iitk\sem9\thesis\sep_week1\arpipe-0.1.0\live_store\blobs\dc\8b\dc8bb17c415cf9952bd2c9b545ed733e20fee7e5a9bc61aa612d727035fe8135.pdf,dc8bb17c415cf9952bd2c9b545ed733e20fee7e5a9bc61aa612d727035fe8135,Ekansh Concepts Limited,2012,74,VALIDATION,False,False,False,71,1,0,0,0,0,0,0,15,5,54,72,0,69,True,UNKNOWN,False,True,True,SHORT,MIXED,OBSERVED,"Q1=92.75, Median=165.0, Q3=249.25"
INE005E01013_2013,D:\sem_iitk\sem9\thesis\sep_week1\arpipe-0.1.0\live_store\blobs\f9\34\f934459f048686d3c2169322c6b2bc731a83e4ac182dbffa878257222736e386.pdf,f934459f048686d3c2169322c6b2bc731a83e4ac182dbffa878257222736e386,Ekansh Concepts Limited,2013,78,VALIDATION,False,False,False,75,2,0,0,0,1,0,0,30,4,44,70,0,70,True,UNKNOWN,False,True,False,SHORT,MIXED,OBSERVED,"Q1=92.75, Median=165.0, Q3=249.25"
INE005E01013_2017,D:\sem_iitk\sem9\thesis\sep_week1\arpipe-0.1.0\live_store\blobs\bc\bd\bcbd2c26ca1aacccb1a7b7b68adf3fda2f10b09b27a0fcfbc255dc7072bd9324.pdf,bcbd2c26ca1aacccb1a7b7b68adf3fda2f10b09b27a0fcfbc255dc7072bd9324,Ekansh Concepts Limited,2017,90,VALIDATION,False,False,False,90,1,0,0,0,0,0,0,32,8,50,88,82,88,True,UNKNOWN,False,True,False,SHORT,MIXED,OBSERVED,"Q1=92.75, Median=165.0, Q3=249.25"
INE005E01013_2018,D:\sem_iitk\sem9\thesis\sep_week1\arpipe-0.1.0\live_store\blobs\a6\ea\a6ea0d82912d6cd21525719b3047b3e2d5907e4f89f2ca8d43eccb0bda4db1c8.pdf,a6ea0d82912d6cd21525719b3047b3e2d5907e4f89f2ca8d43eccb0bda4db1c8,Ekansh Concepts Limited,2018,132,VALIDATION,False,False,False,132,1,0,0,0,0,0,0,17,5,110,131,123,122,True,UNKNOWN,False,True,False,MEDIUM,MIXED,OBSERVED,"Q1=92.75, Median=165.0, Q3=249.25"
INE005E01013_2024,D:\sem_iitk\sem9\thesis\sep_week1\arpipe-0.1.0\live_store\blobs\3f\eb\3febf85887da6640e50371d6d726ada073275da379f5406dfcb2a3bb86bfb46f.pdf,3febf85887da6640e50371d6d726ada073275da379f5406dfcb2a3bb86bfb46f,Ekansh Concepts Limited,2024,162,VALIDATION,False,True,False,161,8,0,0,0,0,0,0,22,2,138,160,134,151,True,UNKNOWN,False,True,True,MEDIUM,MIXED,OBSERVED,"Q1=92.75, Median=165.0, Q3=249.25"
INE005E01013_2025,D:\sem_iitk\sem9\thesis\sep_week1\arpipe-0.1.0\live_store\blobs\22\d8\22d87e86093fe19cc7250f3a282dc9bff3536ac5fe4b2bde81fca1f73a29e7c5.pdf,22d87e86093fe19cc7250f3a282dc9bff3536ac5fe4b2bde81fca1f73a29e7c5,Ekansh Concepts Limited,2025,148,VALIDATION,False,False,False,147,7,1,0,0,0,0,0,20,2,126,81,123,135,True,UNKNOWN,False,True,True,MEDIUM,MIXED,OBSERVED,"Q1=92.75, Median=165.0, Q3=249.25"
INE006C01015_2012,D:\sem_iitk\sem9\thesis\sep_week1\arpipe-0.1.0\live_store\blobs\2b\ac\2bac9f14c400ea136247d2e16cc9da8826f7b773c31de7e148db1cbd1190a2db.pdf,2bac9f14c400ea136247d2e16cc9da8826f7b773c31de7e148db1cbd1190a2db,K.Z.Leasing & Finance Ltd.,2012,31,VALIDATION,False,True,False,31,1,0,0,0,0,0,0,5,2,24,2,0,0,False,NO_TOC,False,True,False,SHORT,MIXED,OBSERVED,"Q1=92.75, Median=165.0, Q3=249.25"
INE006C01015_2013,D:\sem_iitk\sem9\thesis\sep_week1\arpipe-0.1.0\live_store\blobs\12\93\1293abc0a3835396a6c82d1dd327d076ae350dc7a64d49bf682dba0602d05fc0.pdf,1293abc0a3835396a6c82d1dd327d076ae350dc7a64d49bf682dba0602d05fc0,K.Z.Leasing & Finance Ltd.,2013,31,VALIDATION,False,False,False,31,0,0,0,0,0,0,0,4,2,25,1,0,2,False,NO_TOC,False,True,False,SHORT,NATIVE,OBSERVED,"Q1=92.75, Median=165.0, Q3=249.25"
INE006C01015_2017,D:\sem_iitk\sem9\thesis\sep_week1\arpipe-0.1.0\live_store\blobs\f3\b1\f3b1f24c7beb87cf4e001e452cdaf1e936bc6c632aea1ef3b25885ba90ba9fff.pdf,f3b1f24c7beb87cf4e001e452cdaf1e936bc6c632aea1ef3b25885ba90ba9fff,K.Z.Leasing & Finance Ltd.,2017,54,VALIDATION,False,False,False,53,0,1,0,0,0,0,0,38,4,12,42,25,51,True,0,False,True,False,SHORT,MIXED,OBSERVED,"Q1=92.75, Median=165.0, Q3=249.25"
INE006C01015_2018,D:\sem_iitk\sem9\thesis\sep_week1\arpipe-0.1.0\live_store\blobs\79\ff\79ffd006fc0fc6b8d97c28e00fa4f9eae09d63f6b84df1b48d15d2faf19bcfec.pdf,79ffd006fc0fc6b8d97c28e00fa4f9eae09d63f6b84df1b48d15d2faf19bcfec,K.Z.Leasing & Finance Ltd.,2018,51,VALIDATION,False,False,False,51,0,0,0,0,0,0,0,38,2,11,39,0,46,True,0,False,True,False,SHORT,NATIVE,OBSERVED,"Q1=92.75, Median=165.0, Q3=249.25"
INE006C01015_2024,D:\sem_iitk\sem9\thesis\sep_week1\arpipe-0.1.0\live_store\blobs\63\0a\630adfbb19a1f021a2353d6f92831bdb4deec4ac32005be839ac336ba6da8902.pdf,630adfbb19a1f021a2353d6f92831bdb4deec4ac32005be839ac336ba6da8902,K.Z.Leasing & Finance Ltd.,2024,62,VALIDATION,False,False,False,62,0,0,3,0,0,0,0,27,1,34,47,22,52,True,UNKNOWN,False,True,True,SHORT,NATIVE,OBSERVED,"Q1=92.75, Median=165.0, Q3=249.25"
INE006C01015_2025,D:\sem_iitk\sem9\thesis\sep_week1\arpipe-0.1.0\live_store\blobs\44\5f\445f0d7dc6b77177994abb8d1aecd92c6ddac70f71b7d21bfa232bc6e524610f.pdf,445f0d7dc6b77177994abb8d1aecd92c6ddac70f71b7d21bfa232bc6e524610f,K.Z.Leasing & Finance Ltd.,2025,63,VALIDATION,False,False,False,63,0,0,3,0,0,0,0,26,3,34,49,24,46,True,-14,False,True,True,SHORT,NATIVE,OBSERVED,"Q1=92.75, Median=165.0, Q3=249.25"
INE006I01046_2012,D:\sem_iitk\sem9\thesis\sep_week1\arpipe-0.1.0\live_store\blobs\4d\70\4d7094047ffdcd917b71c6ede5941a036328a3d10cd2f8a03beb2bc517565166.pdf,4d7094047ffdcd917b71c6ede5941a036328a3d10cd2f8a03beb2bc517565166,Astral Limited,2012,104,HOLDOUT,False,False,True,103,2,0,0,0,0,0,0,22,3,79,103,0,2,True,UNKNOWN,False,True,True,MEDIUM,MIXED,OBSERVED,"Q1=92.75, Median=165.0, Q3=249.25"
INE006I01046_2013,D:\sem_iitk\sem9\thesis\sep_week1\arpipe-0.1.0\live_store\blobs\c2\e2\c2e25d3bba43d69f4e34577ff37ca249b44da3937d60ed947642692b6418790c.pdf,c2e25d3bba43d69f4e34577ff37ca249b44da3937d60ed947642692b6418790c,Astral Limited,2013,112,HOLDOUT,False,False,True,107,1,0,0,0,1,0,0,27,8,77,112,0,0,True,UNKNOWN,False,True,True,MEDIUM,MIXED,OBSERVED,"Q1=92.75, Median=165.0, Q3=249.25"
INE006I01046_2017,D:\sem_iitk\sem9\thesis\sep_week1\arpipe-0.1.0\live_store\blobs\c6\e3\c6e3283c6a5cf247244f996de7ec23d79309e2bc5e08a64909e28616bba56dd0.pdf,c6e3283c6a5cf247244f996de7ec23d79309e2bc5e08a64909e28616bba56dd0,Astral Limited,2017,165,HOLDOUT,False,False,True,161,0,3,0,0,0,0,0,27,12,126,132,0,10,True,1,False,True,False,MEDIUM,MIXED,OBSERVED,"Q1=92.75, Median=165.0, Q3=249.25"
INE006I01046_2018,D:\sem_iitk\sem9\thesis\sep_week1\arpipe-0.1.0\live_store\blobs\20\9b\209b84f6166675b8879329e7e5a56c0a15d834c6fe97e2f572aeee4fe971bc56.pdf,209b84f6166675b8879329e7e5a56c0a15d834c6fe97e2f572aeee4fe971bc56,Astral Limited,2018,145,HOLDOUT,False,True,True,141,1,0,0,0,0,0,0,25,7,113,119,0,8,True,8,False,True,False,MEDIUM,MIXED,OBSERVED,"Q1=92.75, Median=165.0, Q3=249.25"
INE006I01046_2024,D:\sem_iitk\sem9\thesis\sep_week1\arpipe-0.1.0\live_store\blobs\e1\f4\e1f48191c3aa007a4d2c0bd3f72076e67359fb7df62e6d2e3074cd381c566c71.pdf,e1f48191c3aa007a4d2c0bd3f72076e67359fb7df62e6d2e3074cd381c566c71,Astral Limited,2024,252,HOLDOUT,False,False,True,252,1,0,0,0,1,0,0,7,115,130,124,23,0,True,UNKNOWN,False,True,False,LONG,MIXED,OBSERVED,"Q1=92.75, Median=165.0, Q3=249.25"
INE006I01046_2025,D:\sem_iitk\sem9\thesis\sep_week1\arpipe-0.1.0\live_store\blobs\3b\08\3b08080af3d1d69a27620c06a97784b3bbb8fb5187a24b9c02f252a9ade6d6bf.pdf,3b08080af3d1d69a27620c06a97784b3bbb8fb5187a24b9c02f252a9ade6d6bf,Astral Limited,2025,239,HOLDOUT,False,False,True,239,0,0,1,0,0,0,0,6,113,120,175,107,0,False,NO_TOC,False,True,False,MEDIUM,NATIVE,OBSERVED,"Q1=92.75, Median=165.0, Q3=249.25"
INE007A01025_2012,D:\sem_iitk\sem9\thesis\sep_week1\arpipe-0.1.0\live_store\blobs\4c\64\4c64fbf7aec3f61bfa8e421e8e642ea4b52d0af92e2083e9c58ab39d867fd51b.pdf,4c64fbf7aec3f61bfa8e421e8e642ea4b52d0af92e2083e9c58ab39d867fd51b,Crisil Limited,2012,164,FIT,False,False,False,157,3,0,0,0,0,0,0,18,74,72,141,0,0,True,UNKNOWN,False,True,False,MEDIUM,MIXED,OBSERVED,"Q1=92.75, Median=165.0, Q3=249.25"
INE007A01025_2013,D:\sem_iitk\sem9\thesis\sep_week1\arpipe-0.1.0\live_store\blobs\41\9b\419ba79d4446909585bb873d122982ec626bab8417ea7ee877d5a93e1beb4ffc.pdf,419ba79d4446909585bb873d122982ec626bab8417ea7ee877d5a93e1beb4ffc,Crisil Limited,2013,188,FIT,True,False,False,183,3,0,0,0,0,0,0,48,54,86,162,0,0,True,UNKNOWN,False,True,False,MEDIUM,MIXED,OBSERVED,"Q1=92.75, Median=165.0, Q3=249.25"
INE007A01025_2017,D:\sem_iitk\sem9\thesis\sep_week1\arpipe-0.1.0\live_store\blobs\ee\f4\eef4c6eec79325d71fcf4e4808347f30f0947430425c49376debec4bf3e6ffac.pdf,eef4c6eec79325d71fcf4e4808347f30f0947430425c49376debec4bf3e6ffac,Crisil Limited,2017,276,FIT,True,True,False,269,2,0,0,0,0,0,0,25,126,125,221,0,0,True,UNKNOWN,False,True,False,LONG,MIXED,OBSERVED,"Q1=92.75, Median=165.0, Q3=249.25"
INE007A01025_2018,D:\sem_iitk\sem9\thesis\sep_week1\arpipe-0.1.0\live_store\blobs\f3\87\f3870645c3d4c599bf761f37a76bbafbeed7a4ea95f67ae561e4ac5d4ccfd53d.pdf,f3870645c3d4c599bf761f37a76bbafbeed7a4ea95f67ae561e4ac5d4ccfd53d,Crisil Limited,2018,250,FIT,True,False,False,237,0,0,0,0,0,0,0,26,109,115,197,0,2,True,UNKNOWN,False,True,False,LONG,NATIVE,OBSERVED,"Q1=92.75, Median=165.0, Q3=249.25"
INE007A01025_2024,D:\sem_iitk\sem9\thesis\sep_week1\arpipe-0.1.0\live_store\blobs\ba\5c\ba5ca28c77ae87453fbf869451bc15b09a14dfc6dbaee8cce13aed08c9767838.pdf,ba5ca28c77ae87453fbf869451bc15b09a14dfc6dbaee8cce13aed08c9767838,Crisil Limited,2024,435,FIT,True,True,False,431,2,0,3,0,0,0,0,28,175,232,430,41,297,True,UNKNOWN,False,True,True,VERY_LONG,MIXED,OBSERVED,"Q1=92.75, Median=165.0, Q3=249.25"
INE007A01025_2025,D:\sem_iitk\sem9\thesis\sep_week1\arpipe-0.1.0\live_store\blobs\4e\65\4e65d79ed0c336f5a97ae1664f18af9db7fbefbef30fafd35595dea0925c746a.pdf,4e65d79ed0c336f5a97ae1664f18af9db7fbefbef30fafd35595dea0925c746a,Crisil Limited,2025,373,FIT,False,False,False,373,1,0,6,0,0,0,0,22,159,192,371,0,8,True,UNKNOWN,False,True,True,LONG,MIXED,OBSERVED,"Q1=92.75, Median=165.0, Q3=249.25"
INE008A01015_2012,D:\sem_iitk\sem9\thesis\sep_week1\arpipe-0.1.0\live_store\blobs\a8\bc\a8bcd04d6ec38da4f503aa9c4abf9c51c264a617b4b6b18f56215224234695a0.pdf,a8bcd04d6ec38da4f503aa9c4abf9c51c264a617b4b6b18f56215224234695a0,IDBI Bank Limited,2012,229,FIT,True,False,False,229,0,0,188,0,0,0,0,36,60,133,127,95,0,True,UNKNOWN,False,True,False,MEDIUM,NATIVE,OBSERVED,"Q1=92.75, Median=165.0, Q3=249.25"
INE008A01015_2013,D:\sem_iitk\sem9\thesis\sep_week1\arpipe-0.1.0\live_store\blobs\41\e7\41e7e3720ea2060b23a5c0aa91bafe3ab1f4bf165150f93f2195e4f5c6a54f4e.pdf,41e7e3720ea2060b23a5c0aa91bafe3ab1f4bf165150f93f2195e4f5c6a54f4e,IDBI Bank Limited,2013,202,FIT,False,False,False,202,2,0,0,0,1,0,0,11,89,102,171,0,0,True,UNKNOWN,False,True,False,MEDIUM,MIXED,OBSERVED,"Q1=92.75, Median=165.0, Q3=249.25"
INE008A01015_2017,D:\sem_iitk\sem9\thesis\sep_week1\arpipe-0.1.0\live_store\blobs\06\c8\06c8df4d32962c388909c765f4554c12635fd7fe3c2279b1ea51e08cbcc1210d.pdf,06c8df4d32962c388909c765f4554c12635fd7fe3c2279b1ea51e08cbcc1210d,IDBI Bank Limited,2017,390,FIT,True,False,False,382,1,4,0,0,4,0,0,62,138,190,383,0,381,True,UNKNOWN,True,True,False,VERY_LONG,MIXED,OBSERVED,"Q1=92.75, Median=165.0, Q3=249.25"
INE008A01015_2018,D:\sem_iitk\sem9\thesis\sep_week1\arpipe-0.1.0\live_store\blobs\63\db\63dbce38652ba5a68ae68554303ea8e99478c7cd79450576e1f44535418f9345.pdf,63dbce38652ba5a68ae68554303ea8e99478c7cd79450576e1f44535418f9345,IDBI Bank Limited,2018,348,FIT,False,False,False,342,1,2,0,0,1,0,0,37,117,194,342,0,338,True,UNKNOWN,True,True,False,LONG,MIXED,OBSERVED,"Q1=92.75, Median=165.0, Q3=249.25"
INE008A01015_2024,D:\sem_iitk\sem9\thesis\sep_week1\arpipe-0.1.0\live_store\blobs\f7\9b\f79ba9e881edaa6cfb4a5b2b620e06ef589bc49d8d292000c0a1fc3571b0bdf2.pdf,f79ba9e881edaa6cfb4a5b2b620e06ef589bc49d8d292000c0a1fc3571b0bdf2,IDBI Bank Limited,2024,629,FIT,True,False,False,619,0,4,0,1,0,0,0,41,199,389,598,0,0,True,UNKNOWN,False,True,True,EXTREME,MIXED,OBSERVED,"Q1=92.75, Median=165.0, Q3=249.25"
INE008A01015_2025,D:\sem_iitk\sem9\thesis\sep_week1\arpipe-0.1.0\live_store\blobs\79\b5\79b590350451bb6eedb98984b4bacd91b31380c85a6526816e55af8b97cd55b5.pdf,79b590350451bb6eedb98984b4bacd91b31380c85a6526816e55af8b97cd55b5,IDBI Bank Limited,2025,661,FIT,False,True,False,650,0,3,27,0,1,0,0,84,218,359,630,0,0,True,UNKNOWN,False,True,False,EXTREME,MIXED,OBSERVED,"Q1=92.75, Median=165.0, Q3=249.25"
INE009A01021_2012,D:\sem_iitk\sem9\thesis\sep_week1\arpipe-0.1.0\live_store\blobs\7b\7b\7b7beda2e37b28d73a39a4250118c8ab04894fd7440a6abb6de203aede9eb576.pdf,7b7beda2e37b28d73a39a4250118c8ab04894fd7440a6abb6de203aede9eb576,Infosys Limited,2012,110,VALIDATION,False,True,False,106,0,1,0,0,0,0,0,6,68,36,69,77,12,True,12,False,True,False,MEDIUM,MIXED,OBSERVED,"Q1=92.75, Median=165.0, Q3=249.25"
INE009A01021_2013,D:\sem_iitk\sem9\thesis\sep_week1\arpipe-0.1.0\live_store\blobs\a6\25\a6253e70f855ebedb03d9c5745f15b371c107a270fb9d1bff9952eb22fc15178.pdf,a6253e70f855ebedb03d9c5745f15b371c107a270fb9d1bff9952eb22fc15178,Infosys Limited,2013,159,VALIDATION,False,True,False,0,0,0,0,0,0,0,0,159,0,0,0,0,0,False,NO_TOC,False,False,False,MEDIUM,NATIVE,OBSERVED,"Q1=92.75, Median=165.0, Q3=249.25"
INE009A01021_2017,D:\sem_iitk\sem9\thesis\sep_week1\arpipe-0.1.0\live_store\blobs\53\78\5378aa22c774a2be796fbf6490844f0fc1fd31632d5b149897894614cc6dfbf7.pdf,5378aa22c774a2be796fbf6490844f0fc1fd31632d5b149897894614cc6dfbf7,Infosys Limited,2017,261,VALIDATION,False,True,False,260,0,0,0,0,0,0,0,26,132,103,189,4,34,True,UNKNOWN,True,True,False,LONG,NATIVE,OBSERVED,"Q1=92.75, Median=165.0, Q3=249.25"
INE009A01021_2018,D:\sem_iitk\sem9\thesis\sep_week1\arpipe-0.1.0\live_store\blobs\e7\c8\e7c871f5fd43287bbaa1627774e509472ae44372075a6179135a8fd80dd487d7.pdf,e7c871f5fd43287bbaa1627774e509472ae44372075a6179135a8fd80dd487d7,Infosys Limited,2018,119,VALIDATION,False,True,False,119,5,0,0,0,0,0,0,15,79,25,74,6,82,True,-1,True,True,False,MEDIUM,MIXED,OBSERVED,"Q1=92.75, Median=165.0, Q3=249.25"
INE009A01021_2024,D:\sem_iitk\sem9\thesis\sep_week1\arpipe-0.1.0\live_store\blobs\b0\a9\b0a9bb9e802aff5f09733b8c78c88e9878732ac46e0fb29754c6da87ad47326a.pdf,b0a9bb9e802aff5f09733b8c78c88e9878732ac46e0fb29754c6da87ad47326a,Infosys Limited,2024,353,VALIDATION,False,True,False,351,1,0,0,0,0,0,0,30,167,156,139,15,249,True,UNKNOWN,True,True,True,LONG,MIXED,OBSERVED,"Q1=92.75, Median=165.0, Q3=249.25"
INE009A01021_2025,D:\sem_iitk\sem9\thesis\sep_week1\arpipe-0.1.0\live_store\blobs\62\24\6224d11244d3f44f7e95901428a8ff23164f383cd1960e02a47483c48612a3c5.pdf,6224d11244d3f44f7e95901428a8ff23164f383cd1960e02a47483c48612a3c5,Infosys Limited,2025,370,VALIDATION,False,True,False,369,2,0,0,0,1,0,0,32,182,156,120,13,259,True,UNKNOWN,True,True,True,LONG,MIXED,OBSERVED,"Q1=92.75, Median=165.0, Q3=249.25"
INE00E101023_2024,D:\sem_iitk\sem9\thesis\sep_week1\arpipe-0.1.0\live_store\blobs\07\91\0791d7e713c37c45a13249c4e9214d03419500fbd80d0436ca3183b1f9effde3.pdf,0791d7e713c37c45a13249c4e9214d03419500fbd80d0436ca3183b1f9effde3,Bikaji Foods International Limited,2024,170,FIT,True,False,False,168,0,0,0,0,1,0,0,4,162,4,141,156,150,True,UNKNOWN,False,True,False,MEDIUM,NATIVE,OBSERVED,"Q1=92.75, Median=165.0, Q3=249.25"
INE00E101023_2025,D:\sem_iitk\sem9\thesis\sep_week1\arpipe-0.1.0\live_store\blobs\9b\8c\9b8c4a3c89885f392061f293f0afe18128be2bcbec5666f62255ea974937ba57.pdf,9b8c4a3c89885f392061f293f0afe18128be2bcbec5666f62255ea974937ba57,Bikaji Foods International Limited,2025,354,FIT,False,False,False,347,0,1,0,0,0,0,0,37,154,163,222,25,2,True,UNKNOWN,False,True,False,LONG,MIXED,OBSERVED,"Q1=92.75, Median=165.0, Q3=249.25"
INE00FF01025_2015,D:\sem_iitk\sem9\thesis\sep_week1\arpipe-0.1.0\live_store\blobs\ad\55\ad5579d7193f5bff7e97d9e05e7711e0b030fa42fb874971032c13a0ef84ca0c.pdf,ad5579d7193f5bff7e97d9e05e7711e0b030fa42fb874971032c13a0ef84ca0c,Acutaas Chemicals Limited,2015,1,FIT,True,True,False,1,0,0,0,0,0,0,0,0,0,1,1,0,0,False,NO_TOC,False,False,False,SHORT,NATIVE,OBSERVED,"Q1=92.75, Median=165.0, Q3=249.25"
INE00FF01025_2024,D:\sem_iitk\sem9\thesis\sep_week1\arpipe-0.1.0\live_store\blobs\d1\37\d137843e94954d0ce3f16ea0f28600688501af03bf75a18ed04e230d4d7d9f13.pdf,d137843e94954d0ce3f16ea0f28600688501af03bf75a18ed04e230d4d7d9f13,Acutaas Chemicals Limited,2024,235,FIT,False,False,False,234,1,0,0,0,0,0,0,10,100,125,209,11,0,False,NO_TOC,False,True,False,MEDIUM,MIXED,OBSERVED,"Q1=92.75, Median=165.0, Q3=249.25"
INE00FF01025_2025,D:\sem_iitk\sem9\thesis\sep_week1\arpipe-0.1.0\live_store\blobs\0c\d2\0cd2d75144a18f342cc451f489feaacd6ee6dfe5304b268f4d485267f43051c2.pdf,0cd2d75144a18f342cc451f489feaacd6ee6dfe5304b268f4d485267f43051c2,Acutaas Chemicals Limited,2025,241,FIT,True,False,False,241,1,0,0,0,0,0,0,4,107,130,203,17,0,True,UNKNOWN,False,True,True,MEDIUM,MIXED,OBSERVED,"Q1=92.75, Median=165.0, Q3=249.25"
INE00LO01017_2015,D:\sem_iitk\sem9\thesis\sep_week1\arpipe-0.1.0\live_store\blobs\70\26\7026f85eaacc0f30795ed78351afdeb6c3637cdf4b460cf91d5acaa8f3c2a0fd.pdf,7026f85eaacc0f30795ed78351afdeb6c3637cdf4b460cf91d5acaa8f3c2a0fd,Craftsman Automation Limited,2015,2,FIT,False,True,False,2,0,0,0,0,0,0,0,1,0,1,2,0,2,False,NO_TOC,False,True,False,SHORT,NATIVE,OBSERVED,"Q1=92.75, Median=165.0, Q3=249.25"
INE00LO01017_2024,D:\sem_iitk\sem9\thesis\sep_week1\arpipe-0.1.0\live_store\blobs\bb\c5\bbc5156db65cead9890e170eba069390b43aad1948b69ef52fa8b42d594f765e.pdf,bbc5156db65cead9890e170eba069390b43aad1948b69ef52fa8b42d594f765e,Craftsman Automation Limited,2024,129,FIT,True,False,False,127,0,0,4,0,0,0,0,8,120,1,95,124,124,True,-9,True,True,True,MEDIUM,NATIVE,OBSERVED,"Q1=92.75, Median=165.0, Q3=249.25"
INE00LO01017_2025,D:\sem_iitk\sem9\thesis\sep_week1\arpipe-0.1.0\live_store\blobs\ba\9e\ba9e95a54851c5b23f503df932bcde1943dda492b2369c0b0d82d26e6f18d14b.pdf,ba9e95a54851c5b23f503df932bcde1943dda492b2369c0b0d82d26e6f18d14b,Craftsman Automation Limited,2025,243,FIT,True,False,False,241,0,0,0,0,0,0,0,15,73,155,179,0,239,False,NO_TOC,False,True,True,MEDIUM,NATIVE,OBSERVED,"Q1=92.75, Median=165.0, Q3=249.25"
INE00WC01027_2024,D:\sem_iitk\sem9\thesis\sep_week1\arpipe-0.1.0\live_store\blobs\62\fc\62fc13523833027d7db9a50ca50ab6444b03b8377ec13938ba01e32691194293.pdf,62fc13523833027d7db9a50ca50ab6444b03b8377ec13938ba01e32691194293,Affle 3i Limited,2024,208,VALIDATION,False,False,False,207,0,0,0,0,1,0,0,4,200,4,204,197,0,True,UNKNOWN,False,True,False,MEDIUM,NATIVE,OBSERVED,"Q1=92.75, Median=165.0, Q3=249.25"
INE00WC01027_2025,D:\sem_iitk\sem9\thesis\sep_week1\arpipe-0.1.0\live_store\blobs\b6\2c\b62c63aa43a4309b297fe13958b0995c8497b8eca0829cb0ea83446a8bfd8bb8.pdf,b62c63aa43a4309b297fe13958b0995c8497b8eca0829cb0ea83446a8bfd8bb8,Affle 3i Limited,2025,209,VALIDATION,False,False,False,207,0,0,0,0,0,0,0,4,203,2,159,193,2,True,UNKNOWN,False,True,False,MEDIUM,NATIVE,OBSERVED,"Q1=92.75, Median=165.0, Q3=249.25"
INE040A01034_2012,D:\sem_iitk\sem9\thesis\sep_week1\arpipe-0.1.0\live_store\blobs\54\11\54115ccf3bf53dec4626c618a136125eeee2815941427982d677cae7b89baf23.pdf,54115ccf3bf53dec4626c618a136125eeee2815941427982d677cae7b89baf23,HDFC Bank Limited,2012,164,FIT,True,False,False,155,0,2,0,0,0,0,0,28,25,111,164,137,141,True,UNKNOWN,False,True,False,MEDIUM,MIXED,OBSERVED,"Q1=92.75, Median=165.0, Q3=249.25"
INE040A01034_2013,D:\sem_iitk\sem9\thesis\sep_week1\arpipe-0.1.0\live_store\blobs\fc\82\fc8290a6faf39e34385fd09d52462e08b0b554162d5b78ca730551a52c6cacc6.pdf,fc8290a6faf39e34385fd09d52462e08b0b554162d5b78ca730551a52c6cacc6,HDFC Bank Limited,2013,180,FIT,True,True,False,166,1,1,5,0,0,0,0,43,30,107,180,151,161,True,UNKNOWN,False,True,False,MEDIUM,MIXED,OBSERVED,"Q1=92.75, Median=165.0, Q3=249.25"
INE040A01034_2017,D:\sem_iitk\sem9\thesis\sep_week1\arpipe-0.1.0\live_store\blobs\52\8f\528fb52b970812d51d621216b9667115fa35c499e980b8dc6d119b1972e8006d.pdf,528fb52b970812d51d621216b9667115fa35c499e980b8dc6d119b1972e8006d,HDFC Bank Limited,2017,220,FIT,True,True,False,208,0,2,22,0,0,0,0,21,47,152,220,190,185,True,UNKNOWN,False,True,False,MEDIUM,MIXED,OBSERVED,"Q1=92.75, Median=165.0, Q3=249.25"
INE040A01034_2018,D:\sem_iitk\sem9\thesis\sep_week1\arpipe-0.1.0\live_store\blobs\98\01\98012b40f1bb58d93cca9dfa643da9216e1bab8467da924eccb034d113b33bc5.pdf,98012b40f1bb58d93cca9dfa643da9216e1bab8467da924eccb034d113b33bc5,HDFC Bank Limited,2018,244,FIT,True,False,False,243,2,0,23,0,0,0,0,14,56,174,240,218,197,True,UNKNOWN,False,True,False,MEDIUM,MIXED,OBSERVED,"Q1=92.75, Median=165.0, Q3=249.25"
INE040A01034_2024,D:\sem_iitk\sem9\thesis\sep_week1\arpipe-0.1.0\live_store\blobs\fc\d7\fcd7ef37de26997fed3bcf2b7cfb9eb90f08d4e2617f5f3f967a1ac621c2a73e.pdf,fcd7ef37de26997fed3bcf2b7cfb9eb90f08d4e2617f5f3f967a1ac621c2a73e,HDFC Bank Limited,2024,610,FIT,True,True,False,607,7,0,0,0,0,0,0,61,314,235,510,23,14,True,15,True,True,False,EXTREME,MIXED,OBSERVED,"Q1=92.75, Median=165.0, Q3=249.25"
INE040A01034_2025,D:\sem_iitk\sem9\thesis\sep_week1\arpipe-0.1.0\live_store\blobs\87\53\875360e8667a46c33d0e33859b4cf363a6cdf68754e3220db9ce77b62fae434a.pdf,875360e8667a46c33d0e33859b4cf363a6cdf68754e3220db9ce77b62fae434a,HDFC Bank Limited,2025,591,FIT,False,False,False,587,3,1,2,0,0,0,0,54,298,239,456,18,16,True,-3,False,True,False,EXTREME,MIXED,OBSERVED,"Q1=92.75, Median=165.0, Q3=249.25"
INE044A01036_2012,D:\sem_iitk\sem9\thesis\sep_week1\arpipe-0.1.0\live_store\blobs\71\a1\71a1ee5d35cdbc4654c0f314f92cf58e94cf72ed43c6044530bf9b9db5010149.pdf,71a1ee5d35cdbc4654c0f314f92cf58e94cf72ed43c6044530bf9b9db5010149,Sun Pharmaceutical Industries Limited,2012,128,HOLDOUT,False,False,True,127,0,0,20,0,0,0,0,23,38,67,114,0,0,True,UNKNOWN,False,True,False,MEDIUM,NATIVE,OBSERVED,"Q1=92.75, Median=165.0, Q3=249.25"
INE044A01036_2013,D:\sem_iitk\sem9\thesis\sep_week1\arpipe-0.1.0\live_store\blobs\ed\03\ed03112a1847f9eda8b621bf22377bfa5612d21d10467eea05979a6d0faa0ab0.pdf,ed03112a1847f9eda8b621bf22377bfa5612d21d10467eea05979a6d0faa0ab0,Sun Pharmaceutical Industries Limited,2013,132,HOLDOUT,False,False,True,131,0,0,0,0,0,0,0,7,50,75,121,6,0,True,UNKNOWN,False,True,False,MEDIUM,NATIVE,OBSERVED,"Q1=92.75, Median=165.0, Q3=249.25"
INE044A01036_2017,D:\sem_iitk\sem9\thesis\sep_week1\arpipe-0.1.0\live_store\blobs\72\ff\72ffe7dd0038b00a2a95ddcc0f22e6b626b472de8633713313b090ec02493914.pdf,72ffe7dd0038b00a2a95ddcc0f22e6b626b472de8633713313b090ec02493914,Sun Pharmaceutical Industries Limited,2017,313,HOLDOUT,False,False,True,310,1,1,0,0,4,0,0,49,125,139,234,0,6,True,UNKNOWN,False,True,False,LONG,MIXED,OBSERVED,"Q1=92.75, Median=165.0, Q3=249.25"
INE044A01036_2018,D:\sem_iitk\sem9\thesis\sep_week1\arpipe-0.1.0\live_store\blobs\8e\69\8e699f31caa074fa14ff605e281acc3dc14de73336e0cb7bd0bce7b59d964a61.pdf,8e699f31caa074fa14ff605e281acc3dc14de73336e0cb7bd0bce7b59d964a61,Sun Pharmaceutical Industries Limited,2018,261,HOLDOUT,False,False,True,257,0,1,0,0,0,0,0,36,100,125,146,0,16,True,UNKNOWN,False,True,False,LONG,MIXED,OBSERVED,"Q1=92.75, Median=165.0, Q3=249.25"
INE044A01036_2024,D:\sem_iitk\sem9\thesis\sep_week1\arpipe-0.1.0\live_store\blobs\db\b9\dbb9d8021b365cc095ef9e5c6917e4ec4fe7cca079672ece3beb6284128c9343.pdf,dbb9d8021b365cc095ef9e5c6917e4ec4fe7cca079672ece3beb6284128c9343,Sun Pharmaceutical Industries Limited,2024,313,HOLDOUT,False,False,True,310,1,0,1,0,0,0,0,12,100,201,244,302,2,True,UNKNOWN,False,True,False,LONG,MIXED,OBSERVED,"Q1=92.75, Median=165.0, Q3=249.25"
INE044A01036_2025,D:\sem_iitk\sem9\thesis\sep_week1\arpipe-0.1.0\live_store\blobs\ab\c0\abc0664bb0f83fc60b54898aef71b5554ae95a8eeb7fbe8a3a854309bd84224b.pdf,abc0664bb0f83fc60b54898aef71b5554ae95a8eeb7fbe8a3a854309bd84224b,Sun Pharmaceutical Industries Limited,2025,327,HOLDOUT,False,False,True,327,1,0,3,0,0,0,0,11,124,192,259,319,0,False,NO_TOC,False,True,True,LONG,MIXED,OBSERVED,"Q1=92.75, Median=165.0, Q3=249.25"
INE081A01020_2012,D:\sem_iitk\sem9\thesis\sep_week1\arpipe-0.1.0\live_store\blobs\dc\0e\dc0e15483617c2e785a26c800be32b6cfd74339495025866b9b31573a40229a4.pdf,dc0e15483617c2e785a26c800be32b6cfd74339495025866b9b31573a40229a4,Tata Steel Limited,2012,252,FIT,True,False,False,248,1,0,2,0,1,0,0,61,109,82,155,0,13,True,1,False,True,False,LONG,MIXED,OBSERVED,"Q1=92.75, Median=165.0, Q3=249.25"
INE081A01020_2013,D:\sem_iitk\sem9\thesis\sep_week1\arpipe-0.1.0\live_store\blobs\3e\58\3e58ef4edf7239d3fe4e101d7f5a6eebec2d31e6190f7032d58b0ded3e3dffec.pdf,3e58ef4edf7239d3fe4e101d7f5a6eebec2d31e6190f7032d58b0ded3e3dffec,Tata Steel Limited,2013,228,FIT,True,False,False,227,0,0,7,0,1,0,0,59,81,88,118,3,14,True,-14,False,True,False,MEDIUM,NATIVE,OBSERVED,"Q1=92.75, Median=165.0, Q3=249.25"
INE081A01020_2017,D:\sem_iitk\sem9\thesis\sep_week1\arpipe-0.1.0\live_store\blobs\b5\88\b588fbff20f69bf75cbd0dd1207e4ad48b616875218fb58488a4b047a40c4208.pdf,b588fbff20f69bf75cbd0dd1207e4ad48b616875218fb58488a4b047a40c4208,Tata Steel Limited,2017,381,FIT,True,True,False,373,1,1,0,0,1,0,0,41,193,147,296,0,360,True,UNKNOWN,True,True,True,LONG,MIXED,OBSERVED,"Q1=92.75, Median=165.0, Q3=249.25"
INE081A01020_2018,D:\sem_iitk\sem9\thesis\sep_week1\arpipe-0.1.0\live_store\blobs\b9\d5\b9d52ac73af11d751b6996d38a1f95897f0fec87046e3cb8af53109ae02e0fe7.pdf,b9d52ac73af11d751b6996d38a1f95897f0fec87046e3cb8af53109ae02e0fe7,Tata Steel Limited,2018,413,FIT,True,False,False,406,1,0,0,0,0,0,0,29,209,175,321,0,4,True,UNKNOWN,True,True,True,VERY_LONG,MIXED,OBSERVED,"Q1=92.75, Median=165.0, Q3=249.25"
INE081A01020_2024,D:\sem_iitk\sem9\thesis\sep_week1\arpipe-0.1.0\live_store\blobs\87\0b\870be0ca867c1c562337a5319d09cac353a85dbb7907dce7c13ee47ad7af3e21.pdf,870be0ca867c1c562337a5319d09cac353a85dbb7907dce7c13ee47ad7af3e21,Tata Steel Limited,2024,582,FIT,True,False,False,581,1,0,0,0,4,0,0,30,269,283,549,62,575,True,UNKNOWN,False,True,True,EXTREME,MIXED,OBSERVED,"Q1=92.75, Median=165.0, Q3=249.25"
INE081A01020_2025,D:\sem_iitk\sem9\thesis\sep_week1\arpipe-0.1.0\live_store\blobs\76\31\7631720e90f7e7623b993c5d4109f008966516a7f08c193d5c6ba16e7f0af480.pdf,7631720e90f7e7623b993c5d4109f008966516a7f08c193d5c6ba16e7f0af480,Tata Steel Limited,2025,554,FIT,True,False,False,552,1,0,3,0,1,0,0,26,265,263,419,53,528,True,UNRESOLVED,False,True,True,EXTREME,MIXED,OBSERVED,"Q1=92.75, Median=165.0, Q3=249.25"
INE119A01028_2012,D:\sem_iitk\sem9\thesis\sep_week1\arpipe-0.1.0\live_store\blobs\1e\61\1e61c8f8f1b707d33ce30dc89c031246cbe2f81f59d4353e596d53d151f2d252.pdf,1e61c8f8f1b707d33ce30dc89c031246cbe2f81f59d4353e596d53d151f2d252,Balrampur Chini Mills Limited,2012,132,HOLDOUT,False,False,True,127,2,0,0,0,0,0,0,30,25,77,45,0,0,True,UNKNOWN,False,True,False,MEDIUM,MIXED,OBSERVED,"Q1=92.75, Median=165.0, Q3=249.25"
INE119A01028_2013,D:\sem_iitk\sem9\thesis\sep_week1\arpipe-0.1.0\live_store\blobs\ff\eb\ffeb15ba2d5dce924fa35d1c00a56ec981f5e740f36fbb288d23c3db5ccad6b5.pdf,ffeb15ba2d5dce924fa35d1c00a56ec981f5e740f36fbb288d23c3db5ccad6b5,Balrampur Chini Mills Limited,2013,140,HOLDOUT,False,False,True,133,3,1,0,0,0,0,0,57,30,53,95,0,0,True,0,False,True,False,MEDIUM,MIXED,OBSERVED,"Q1=92.75, Median=165.0, Q3=249.25"
INE119A01028_2017,D:\sem_iitk\sem9\thesis\sep_week1\arpipe-0.1.0\live_store\blobs\d6\2e\d62ee8c61f4e885b97ac3f8491f23b8a7db55b8d8807e7d01f9e7f104bbb60f7.pdf,d62ee8c61f4e885b97ac3f8491f23b8a7db55b8d8807e7d01f9e7f104bbb60f7,Balrampur Chini Mills Limited,2017,301,HOLDOUT,False,False,True,300,1,1,0,0,0,0,0,89,65,147,195,7,0,True,UNKNOWN,False,True,False,LONG,MIXED,OBSERVED,"Q1=92.75, Median=165.0, Q3=249.25"
INE119A01028_2018,D:\sem_iitk\sem9\thesis\sep_week1\arpipe-0.1.0\live_store\blobs\29\78\29781cdde4c132519a7ac8a70bf633d7b409249ca665611fec76c945b3f89e37.pdf,29781cdde4c132519a7ac8a70bf633d7b409249ca665611fec76c945b3f89e37,Balrampur Chini Mills Limited,2018,257,HOLDOUT,False,False,True,254,2,1,0,0,0,0,0,54,69,134,163,12,0,True,UNKNOWN,True,True,False,LONG,MIXED,OBSERVED,"Q1=92.75, Median=165.0, Q3=249.25"
INE119A01028_2024,D:\sem_iitk\sem9\thesis\sep_week1\arpipe-0.1.0\live_store\blobs\1d\26\1d26601c877ba57cf163f9454174ce45cfdb803b777345c44bf7e7a3103586f2.pdf,1d26601c877ba57cf163f9454174ce45cfdb803b777345c44bf7e7a3103586f2,Balrampur Chini Mills Limited,2024,414,HOLDOUT,False,False,True,407,7,0,0,0,0,0,0,67,156,191,273,2,0,True,UNKNOWN,False,True,True,VERY_LONG,MIXED,OBSERVED,"Q1=92.75, Median=165.0, Q3=249.25"
INE119A01028_2025,D:\sem_iitk\sem9\thesis\sep_week1\arpipe-0.1.0\live_store\blobs\c6\49\c649947487fb9b43909572987333bddab11b0227b33c0a7094d7c50654eef657.pdf,c649947487fb9b43909572987333bddab11b0227b33c0a7094d7c50654eef657,Balrampur Chini Mills Limited,2025,482,HOLDOUT,False,False,True,478,4,0,0,0,0,0,0,66,176,240,398,0,0,True,UNKNOWN,False,True,False,EXTREME,MIXED,OBSERVED,"Q1=92.75, Median=165.0, Q3=249.25"
INE151A01013_2012,D:\sem_iitk\sem9\thesis\sep_week1\arpipe-0.1.0\live_store\blobs\29\b6\29b68699a9c265cc5df77a46b11d0e1507ac272c86b9db8c480351b314134ad0.pdf,29b68699a9c265cc5df77a46b11d0e1507ac272c86b9db8c480351b314134ad0,Tata Communications Limited,2012,149,FIT,True,False,False,147,1,0,0,0,0,0,0,28,30,91,73,0,0,True,UNKNOWN,False,True,True,MEDIUM,MIXED,OBSERVED,"Q1=92.75, Median=165.0, Q3=249.25"
INE151A01013_2013,D:\sem_iitk\sem9\thesis\sep_week1\arpipe-0.1.0\live_store\blobs\37\a2\37a21f8e4f7cc3c811a2a8b270b75a1ed60ac4b210e9fc9d0aabcde7eb78ecab.pdf,37a21f8e4f7cc3c811a2a8b270b75a1ed60ac4b210e9fc9d0aabcde7eb78ecab,Tata Communications Limited,2013,158,FIT,False,False,False,156,0,0,0,0,0,0,0,12,41,105,71,0,12,True,UNKNOWN,False,True,True,MEDIUM,NATIVE,OBSERVED,"Q1=92.75, Median=165.0, Q3=249.25"
INE151A01013_2017,D:\sem_iitk\sem9\thesis\sep_week1\arpipe-0.1.0\live_store\blobs\c6\5d\c65d2ada7910502e7ccc83992c98f68ad4bade44b0e1cd58a55b3bd1775d5803.pdf,c65d2ada7910502e7ccc83992c98f68ad4bade44b0e1cd58a55b3bd1775d5803,Tata Communications Limited,2017,300,FIT,True,False,False,294,3,3,0,0,0,0,0,22,82,196,114,0,7,True,UNKNOWN,False,True,False,LONG,MIXED,OBSERVED,"Q1=92.75, Median=165.0, Q3=249.25"
INE151A01013_2018,D:\sem_iitk\sem9\thesis\sep_week1\arpipe-0.1.0\live_store\blobs\1b\05\1b050de55772f50d63f6e8ccf5ab97a49db64ff5caadb39b8b01325e5f9acf6b.pdf,1b050de55772f50d63f6e8ccf5ab97a49db64ff5caadb39b8b01325e5f9acf6b,Tata Communications Limited,2018,348,FIT,True,False,False,336,1,2,0,0,0,0,0,47,61,240,347,0,7,True,UNKNOWN,False,True,True,LONG,MIXED,OBSERVED,"Q1=92.75, Median=165.0, Q3=249.25"
INE151A01013_2024,D:\sem_iitk\sem9\thesis\sep_week1\arpipe-0.1.0\live_store\blobs\8d\50\8d50b3dacf0a39d2e58cacad0375beb7d2a23f8899472c598eea915405d35e30.pdf,8d50b3dacf0a39d2e58cacad0375beb7d2a23f8899472c598eea915405d35e30,Tata Communications Limited,2024,195,FIT,False,True,False,194,1,0,0,0,0,0,0,2,190,3,195,189,0,True,UNKNOWN,True,True,False,MEDIUM,MIXED,OBSERVED,"Q1=92.75, Median=165.0, Q3=249.25"
INE151A01013_2025,D:\sem_iitk\sem9\thesis\sep_week1\arpipe-0.1.0\live_store\blobs\9b\cb\9bcbcecb4113f4a7ee5360e55d869880c779d66dbefa19007ae1c8ab220b305b.pdf,9bcbcecb4113f4a7ee5360e55d869880c779d66dbefa19007ae1c8ab220b305b,Tata Communications Limited,2025,202,FIT,False,False,False,201,1,0,0,0,0,0,0,1,197,4,200,195,0,True,UNKNOWN,False,True,False,MEDIUM,MIXED,OBSERVED,"Q1=92.75, Median=165.0, Q3=249.25"
INE154A01025_2012,D:\sem_iitk\sem9\thesis\sep_week1\arpipe-0.1.0\live_store\blobs\ac\55\ac5529d7cf0757abfc755cf6a93e56b5e2379b82384ede37590b3854428ebbc5.pdf,ac5529d7cf0757abfc755cf6a93e56b5e2379b82384ede37590b3854428ebbc5,ITC Limited,2012,212,VALIDATION,False,False,False,209,0,0,22,0,0,0,0,18,104,90,209,0,169,True,-9,False,True,False,MEDIUM,NATIVE,OBSERVED,"Q1=92.75, Median=165.0, Q3=249.25"
INE154A01025_2013,D:\sem_iitk\sem9\thesis\sep_week1\arpipe-0.1.0\live_store\blobs\61\6e\616ed821eb51e80de32cfad964e6a1451187fac8ccff7e6813361c549a70f7ce.pdf,616ed821eb51e80de32cfad964e6a1451187fac8ccff7e6813361c549a70f7ce,ITC Limited,2013,238,VALIDATION,False,False,False,235,0,0,0,0,0,0,0,35,113,90,209,21,185,True,UNKNOWN,True,True,False,MEDIUM,NATIVE,OBSERVED,"Q1=92.75, Median=165.0, Q3=249.25"
INE154A01025_2017,D:\sem_iitk\sem9\thesis\sep_week1\arpipe-0.1.0\live_store\blobs\a1\94\a194d6ff73fc9975bb0095c3269d2c63480a802eebd0919ceef5bd389da6e42e.pdf,a194d6ff73fc9975bb0095c3269d2c63480a802eebd0919ceef5bd389da6e42e,ITC Limited,2017,344,VALIDATION,False,True,False,343,2,0,0,0,0,0,0,47,149,148,321,44,295,True,UNKNOWN,False,True,False,LONG,MIXED,OBSERVED,"Q1=92.75, Median=165.0, Q3=249.25"
INE154A01025_2018,D:\sem_iitk\sem9\thesis\sep_week1\arpipe-0.1.0\live_store\blobs\65\f9\65f9f2569702dee3187aa6a57caeba1c295e5c97eab21570990cd900716f4796.pdf,65f9f2569702dee3187aa6a57caeba1c295e5c97eab21570990cd900716f4796,ITC Limited,2018,334,VALIDATION,False,False,False,331,0,0,0,0,0,0,0,35,156,143,316,20,292,True,UNKNOWN,False,True,True,LONG,NATIVE,OBSERVED,"Q1=92.75, Median=165.0, Q3=249.25"
INE154A01025_2024,D:\sem_iitk\sem9\thesis\sep_week1\arpipe-0.1.0\live_store\blobs\ce\f9\cef9cf09cefa71094985018a88b936733ff2c3a02b7cc6cd772fdeb8b75a9c97.pdf,cef9cf09cefa71094985018a88b936733ff2c3a02b7cc6cd772fdeb8b75a9c97,ITC Limited,2024,456,VALIDATION,False,False,False,455,0,0,0,0,1,0,0,23,201,232,435,60,399,True,UNKNOWN,True,True,False,VERY_LONG,NATIVE,OBSERVED,"Q1=92.75, Median=165.0, Q3=249.25"
INE154A01025_2025,D:\sem_iitk\sem9\thesis\sep_week1\arpipe-0.1.0\live_store\blobs\6b\4c\6b4cb6251ee52c35e7b2d0744089f7dcaba4da86f64a522ff249d0aa376e0925.pdf,6b4cb6251ee52c35e7b2d0744089f7dcaba4da86f64a522ff249d0aa376e0925,ITC Limited,2025,428,VALIDATION,False,False,False,427,2,0,0,0,0,0,0,27,189,212,412,65,361,True,UNKNOWN,True,True,True,VERY_LONG,MIXED,OBSERVED,"Q1=92.75, Median=165.0, Q3=249.25"
INE171A01029_2012,D:\sem_iitk\sem9\thesis\sep_week1\arpipe-0.1.0\live_store\blobs\e8\6d\e86db8c8662456ca12b99c9afb18c30dd0b717413d4335c599f5ceadec773076.pdf,e86db8c8662456ca12b99c9afb18c30dd0b717413d4335c599f5ceadec773076,The Federal Bank  Limited,2012,204,HOLDOUT,False,False,True,203,0,0,1,0,0,0,0,52,12,140,204,0,11,True,UNKNOWN,False,True,False,MEDIUM,NATIVE,OBSERVED,"Q1=92.75, Median=165.0, Q3=249.25"
INE171A01029_2013,D:\sem_iitk\sem9\thesis\sep_week1\arpipe-0.1.0\live_store\blobs\6b\4f\6b4f799f452c9c8bccfe514aec03cc440aaaf164880f92dedd309e9d89963062.pdf,6b4f799f452c9c8bccfe514aec03cc440aaaf164880f92dedd309e9d89963062,The Federal Bank  Limited,2013,192,HOLDOUT,False,False,True,189,2,0,0,0,0,0,0,64,53,75,142,166,0,True,UNKNOWN,False,True,False,MEDIUM,MIXED,OBSERVED,"Q1=92.75, Median=165.0, Q3=249.25"
INE171A01029_2017,D:\sem_iitk\sem9\thesis\sep_week1\arpipe-0.1.0\live_store\blobs\0e\ff\0eff7ba82b8e5811a09d2ead5189605ce1cfbca072bee5b0f57f003b91b08769.pdf,0eff7ba82b8e5811a09d2ead5189605ce1cfbca072bee5b0f57f003b91b08769,The Federal Bank  Limited,2017,335,HOLDOUT,False,False,True,328,0,2,0,0,2,0,0,50,85,200,247,0,0,True,UNKNOWN,False,True,False,LONG,MIXED,OBSERVED,"Q1=92.75, Median=165.0, Q3=249.25"
INE171A01029_2018,D:\sem_iitk\sem9\thesis\sep_week1\arpipe-0.1.0\live_store\blobs\d1\b6\d1b6a479cc7e28829f2f786ac2e46208b2b2f4d4a59ec0b30cb47421a3aeeaa0.pdf,d1b6a479cc7e28829f2f786ac2e46208b2b2f4d4a59ec0b30cb47421a3aeeaa0,The Federal Bank  Limited,2018,240,HOLDOUT,False,False,True,229,0,7,0,0,0,0,0,23,88,129,236,0,2,True,UNKNOWN,False,True,False,MEDIUM,MIXED,OBSERVED,"Q1=92.75, Median=165.0, Q3=249.25"
INE171A01029_2024,D:\sem_iitk\sem9\thesis\sep_week1\arpipe-0.1.0\live_store\blobs\f3\b7\f3b76769d526798f8db2e84d197469be97b24c070ddcf1bde2506e6d4205ef59.pdf,f3b76769d526798f8db2e84d197469be97b24c070ddcf1bde2506e6d4205ef59,The Federal Bank  Limited,2024,246,HOLDOUT,False,False,True,246,1,0,3,0,0,0,0,30,210,6,151,203,205,True,UNKNOWN,False,True,False,MEDIUM,MIXED,OBSERVED,"Q1=92.75, Median=165.0, Q3=249.25"
INE171A01029_2025,D:\sem_iitk\sem9\thesis\sep_week1\arpipe-0.1.0\live_store\blobs\9e\ea\9eea027a8f86f6f5bc196f6e14bc07b67db2c56c9cd4d6d137334b06b9634bbf.pdf,9eea027a8f86f6f5bc196f6e14bc07b67db2c56c9cd4d6d137334b06b9634bbf,The Federal Bank  Limited,2025,421,HOLDOUT,False,False,True,417,0,1,1,0,0,0,0,57,158,206,237,44,43,False,NO_TOC,False,True,False,VERY_LONG,MIXED,OBSERVED,"Q1=92.75, Median=165.0, Q3=249.25"
INE191H01014_2012,D:\sem_iitk\sem9\thesis\sep_week1\arpipe-0.1.0\live_store\blobs\f9\7f\f97f93eef3bb87fced844242ac7789d10002e30f27ea2fe92f51e30f11344ead.pdf,f97f93eef3bb87fced844242ac7789d10002e30f27ea2fe92f51e30f11344ead,PVR INOX Limited,2012,104,FIT,True,False,False,100,0,2,0,0,1,0,0,16,25,63,69,0,0,True,UNKNOWN,False,True,False,MEDIUM,MIXED,OBSERVED,"Q1=92.75, Median=165.0, Q3=249.25"
INE191H01014_2013,D:\sem_iitk\sem9\thesis\sep_week1\arpipe-0.1.0\live_store\blobs\e6\8c\e68cb02ddc41f4b53977b367c337add55a834facbbc907bb8505a5d22bc0bd96.pdf,e68cb02ddc41f4b53977b367c337add55a834facbbc907bb8505a5d22bc0bd96,PVR INOX Limited,2013,110,FIT,True,False,False,106,0,2,0,0,2,0,0,18,29,63,77,0,0,True,UNKNOWN,False,True,False,MEDIUM,MIXED,OBSERVED,"Q1=92.75, Median=165.0, Q3=249.25"
INE191H01014_2017,D:\sem_iitk\sem9\thesis\sep_week1\arpipe-0.1.0\live_store\blobs\14\1e\141e69522edec37b5823a058ed210412a3774fd9f125548d6683e38cefdeb765.pdf,141e69522edec37b5823a058ed210412a3774fd9f125548d6683e38cefdeb765,PVR INOX Limited,2017,219,FIT,False,True,False,214,1,3,0,0,1,0,0,38,90,91,198,0,0,False,NO_TOC,False,True,False,MEDIUM,MIXED,OBSERVED,"Q1=92.75, Median=165.0, Q3=249.25"
INE191H01014_2018,D:\sem_iitk\sem9\thesis\sep_week1\arpipe-0.1.0\live_store\blobs\28\ed\28ed7b6a3053aa475dcfe8e587417fdbd25c4f7dfaaf670e76eb30595b7bee81.pdf,28ed7b6a3053aa475dcfe8e587417fdbd25c4f7dfaaf670e76eb30595b7bee81,PVR INOX Limited,2018,218,FIT,True,False,False,213,1,2,0,0,7,0,0,34,97,87,194,0,0,False,NO_TOC,False,True,False,MEDIUM,MIXED,OBSERVED,"Q1=92.75, Median=165.0, Q3=249.25"
INE191H01014_2024,D:\sem_iitk\sem9\thesis\sep_week1\arpipe-0.1.0\live_store\blobs\b5\9a\b59ae03a8541538b39baae54453536722f03b6c4ebe9dc62208bd450ed901c2b.pdf,b59ae03a8541538b39baae54453536722f03b6c4ebe9dc62208bd450ed901c2b,PVR INOX Limited,2024,172,FIT,True,False,False,171,1,0,1,2,0,0,0,3,157,12,169,145,0,True,UNKNOWN,False,True,False,MEDIUM,MIXED,OBSERVED,"Q1=92.75, Median=165.0, Q3=249.25"
INE191H01014_2025,D:\sem_iitk\sem9\thesis\sep_week1\arpipe-0.1.0\live_store\blobs\f5\1f\f51fa2ce953846c8906a5e2fb6f2e7e9766ac305a7e3ddc2e4482e51039169db.pdf,f51fa2ce953846c8906a5e2fb6f2e7e9766ac305a7e3ddc2e4482e51039169db,PVR INOX Limited,2025,309,FIT,True,False,False,307,2,0,1,0,0,0,0,14,130,165,250,25,0,True,UNKNOWN,False,True,False,LONG,MIXED,OBSERVED,"Q1=92.75, Median=165.0, Q3=249.25"
INE192B01031_2012,D:\sem_iitk\sem9\thesis\sep_week1\arpipe-0.1.0\live_store\blobs\4e\62\4e62913a8863fab4f45c90c7f4ee328b232124ec02071cf61b1e4864cf850606.pdf,4e62913a8863fab4f45c90c7f4ee328b232124ec02071cf61b1e4864cf850606,Welspun Living Limited,2012,150,FIT,True,False,False,148,1,0,1,0,2,0,0,33,18,99,146,0,28,True,UNKNOWN,False,True,False,MEDIUM,MIXED,OBSERVED,"Q1=92.75, Median=165.0, Q3=249.25"
INE192B01031_2013,D:\sem_iitk\sem9\thesis\sep_week1\arpipe-0.1.0\live_store\blobs\17\11\1711171ff8edc5051f62c21869c885059481311309757f85954f6fa35df94f3d.pdf,1711171ff8edc5051f62c21869c885059481311309757f85954f6fa35df94f3d,Welspun Living Limited,2013,121,FIT,False,False,False,121,0,0,0,0,2,0,0,16,15,90,119,0,0,True,UNKNOWN,False,True,False,MEDIUM,NATIVE,OBSERVED,"Q1=92.75, Median=165.0, Q3=249.25"
INE192B01031_2017,D:\sem_iitk\sem9\thesis\sep_week1\arpipe-0.1.0\live_store\blobs\52\b4\52b4f4ced950788a3c852bd9474f83c092f8a58fe9181c2cf7acb6dcfc612a6c.pdf,52b4f4ced950788a3c852bd9474f83c092f8a58fe9181c2cf7acb6dcfc612a6c,Welspun Living Limited,2017,289,FIT,True,True,False,285,0,2,1,0,0,0,0,22,140,127,221,0,2,True,UNKNOWN,False,True,False,LONG,MIXED,OBSERVED,"Q1=92.75, Median=165.0, Q3=249.25"
INE192B01031_2018,D:\sem_iitk\sem9\thesis\sep_week1\arpipe-0.1.0\live_store\blobs\86\26\8626ed2609023d2906a47e8bcefc91749a4945e797ac4e3e861f68794f8ed54d.pdf,8626ed2609023d2906a47e8bcefc91749a4945e797ac4e3e861f68794f8ed54d,Welspun Living Limited,2018,244,FIT,False,False,False,237,1,0,15,0,0,0,0,26,117,101,208,0,2,True,UNKNOWN,False,True,False,MEDIUM,MIXED,OBSERVED,"Q1=92.75, Median=165.0, Q3=249.25"
INE192B01031_2024,D:\sem_iitk\sem9\thesis\sep_week1\arpipe-0.1.0\live_store\blobs\81\48\814886152ee1e682bc610e861e41d1806f6531eef5bd1c9f472c5abfc75972cc.pdf,814886152ee1e682bc610e861e41d1806f6531eef5bd1c9f472c5abfc75972cc,Welspun Living Limited,2024,435,FIT,False,False,False,432,8,0,3,0,0,0,0,50,180,205,342,0,0,True,UNKNOWN,False,True,False,VERY_LONG,MIXED,OBSERVED,"Q1=92.75, Median=165.0, Q3=249.25"
INE192B01031_2025,D:\sem_iitk\sem9\thesis\sep_week1\arpipe-0.1.0\live_store\blobs\07\ec\07ecda71317e04d48499e654f42b294123694064ac48948f19d88c60f34bcd8f.pdf,07ecda71317e04d48499e654f42b294123694064ac48948f19d88c60f34bcd8f,Welspun Living Limited,2025,463,FIT,False,False,False,455,4,6,4,0,0,0,0,73,186,204,263,0,39,False,NO_TOC,False,True,False,EXTREME,MIXED,OBSERVED,"Q1=92.75, Median=165.0, Q3=249.25"
INE226A01021_2012,D:\sem_iitk\sem9\thesis\sep_week1\arpipe-0.1.0\live_store\blobs\d7\9a\d79a05fd419ea504728658a5dbba78ea5ca806a67115c27e41548555eadb4b06.pdf,d79a05fd419ea504728658a5dbba78ea5ca806a67115c27e41548555eadb4b06,Voltas Limited,2012,116,HOLDOUT,False,False,True,113,0,0,1,0,0,0,0,10,17,89,7,0,0,True,UNKNOWN,False,True,False,MEDIUM,NATIVE,OBSERVED,"Q1=92.75, Median=165.0, Q3=249.25"
INE226A01021_2013,D:\sem_iitk\sem9\thesis\sep_week1\arpipe-0.1.0\live_store\blobs\e2\15\e21553df4c21f11c35ecbc9ae0fdbb7891057bcf2c93a874d06438c7448e3901.pdf,e21553df4c21f11c35ecbc9ae0fdbb7891057bcf2c93a874d06438c7448e3901,Voltas Limited,2013,136,HOLDOUT,False,False,True,133,1,0,0,0,0,0,0,19,40,77,24,2,10,True,UNKNOWN,False,True,False,MEDIUM,MIXED,OBSERVED,"Q1=92.75, Median=165.0, Q3=249.25"
INE226A01021_2017,D:\sem_iitk\sem9\thesis\sep_week1\arpipe-0.1.0\live_store\blobs\4d\ff\4dff5dd592bd347194798f9e25e96f3531db7a5d0961fb6434544a4f0234e6bf.pdf,4dff5dd592bd347194798f9e25e96f3531db7a5d0961fb6434544a4f0234e6bf,Voltas Limited,2017,213,HOLDOUT,False,False,True,196,0,1,7,0,0,0,0,20,84,109,156,0,0,True,UNKNOWN,False,True,False,MEDIUM,MIXED,OBSERVED,"Q1=92.75, Median=165.0, Q3=249.25"
INE226A01021_2018,D:\sem_iitk\sem9\thesis\sep_week1\arpipe-0.1.0\live_store\blobs\c8\d3\c8d336a0196c0ad223fee41601386b8f512a7a4829d98c7db8368a9ff2abda7e.pdf,c8d336a0196c0ad223fee41601386b8f512a7a4829d98c7db8368a9ff2abda7e,Voltas Limited,2018,221,HOLDOUT,False,True,True,215,1,0,6,0,0,0,0,28,79,114,163,0,22,True,UNKNOWN,False,True,False,MEDIUM,MIXED,OBSERVED,"Q1=92.75, Median=165.0, Q3=249.25"
INE226A01021_2024,D:\sem_iitk\sem9\thesis\sep_week1\arpipe-0.1.0\live_store\blobs\18\94\1894487aceade75f001e04e7e39ed74fb44381b25927f7c05c9e424c42ba1b40.pdf,1894487aceade75f001e04e7e39ed74fb44381b25927f7c05c9e424c42ba1b40,Voltas Limited,2024,460,HOLDOUT,False,False,True,459,8,0,11,0,0,0,0,55,224,181,443,0,14,True,UNRESOLVED,False,True,False,VERY_LONG,MIXED,OBSERVED,"Q1=92.75, Median=165.0, Q3=249.25"
INE226A01021_2025,D:\sem_iitk\sem9\thesis\sep_week1\arpipe-0.1.0\live_store\blobs\dd\28\dd2809d9995af9172a3c9bdfb93fa60752f244998703362a444a4e15dc559c7f.pdf,dd2809d9995af9172a3c9bdfb93fa60752f244998703362a444a4e15dc559c7f,Voltas Limited,2025,499,HOLDOUT,False,False,True,489,2,5,3,0,0,0,0,64,233,202,476,2,12,True,UNKNOWN,True,True,False,EXTREME,MIXED,OBSERVED,"Q1=92.75, Median=165.0, Q3=249.25"
INE482A01020_2012,D:\sem_iitk\sem9\thesis\sep_week1\arpipe-0.1.0\live_store\blobs\ac\05\ac056f0de39913579ff7e3546c78ea784492f46b256e0e86be69aa5736162557.pdf,ac056f0de39913579ff7e3546c78ea784492f46b256e0e86be69aa5736162557,CEAT Limited,2012,116,VALIDATION,False,False,False,112,0,1,1,0,0,0,0,8,39,69,101,0,0,True,UNKNOWN,False,True,False,MEDIUM,MIXED,OBSERVED,"Q1=92.75, Median=165.0, Q3=249.25"
INE482A01020_2013,D:\sem_iitk\sem9\thesis\sep_week1\arpipe-0.1.0\live_store\blobs\43\eb\43eb0d49e59d7fee138022b874d8e303e671a683d9763a8864c3c9747656f518.pdf,43eb0d49e59d7fee138022b874d8e303e671a683d9763a8864c3c9747656f518,CEAT Limited,2013,136,VALIDATION,False,False,False,133,0,1,0,0,0,0,0,17,52,67,135,0,0,True,UNKNOWN,False,True,False,MEDIUM,MIXED,OBSERVED,"Q1=92.75, Median=165.0, Q3=249.25"
INE482A01020_2017,D:\sem_iitk\sem9\thesis\sep_week1\arpipe-0.1.0\live_store\blobs\be\45\be4593eab67359eebfc4aa6749168e343b04c2699b1879fbb1ebb26340c08c07.pdf,be4593eab67359eebfc4aa6749168e343b04c2699b1879fbb1ebb26340c08c07,CEAT Limited,2017,317,VALIDATION,False,False,False,313,1,1,0,0,0,0,0,39,166,112,224,4,2,True,UNKNOWN,True,True,False,LONG,MIXED,OBSERVED,"Q1=92.75, Median=165.0, Q3=249.25"
INE482A01020_2018,D:\sem_iitk\sem9\thesis\sep_week1\arpipe-0.1.0\live_store\blobs\17\7d\177d0e4dc477f822973a7fe7cad58523f93ed89967280340d6bf452421ca5189.pdf,177d0e4dc477f822973a7fe7cad58523f93ed89967280340d6bf452421ca5189,CEAT Limited,2018,285,VALIDATION,False,True,False,279,2,2,0,0,0,0,0,42,138,105,153,0,0,True,UNKNOWN,False,True,True,LONG,MIXED,OBSERVED,"Q1=92.75, Median=165.0, Q3=249.25"
INE482A01020_2024,D:\sem_iitk\sem9\thesis\sep_week1\arpipe-0.1.0\live_store\blobs\26\e9\26e9064031e3684c4f86b78f829f090e6fff185bc74c9d1ddb5458477b56433a.pdf,26e9064031e3684c4f86b78f829f090e6fff185bc74c9d1ddb5458477b56433a,CEAT Limited,2024,168,VALIDATION,False,False,False,168,1,0,1,0,0,0,0,3,159,6,144,163,0,True,UNKNOWN,False,True,False,MEDIUM,MIXED,OBSERVED,"Q1=92.75, Median=165.0, Q3=249.25"
INE482A01020_2025,D:\sem_iitk\sem9\thesis\sep_week1\arpipe-0.1.0\live_store\blobs\59\9f\599fa0156caf55027fa2a482979b5288311ed46e5c2b0464f812146540f35e6d.pdf,599fa0156caf55027fa2a482979b5288311ed46e5c2b0464f812146540f35e6d,CEAT Limited,2025,187,VALIDATION,False,True,False,187,1,0,0,0,0,0,0,2,179,6,153,182,168,True,UNKNOWN,True,True,False,MEDIUM,MIXED,OBSERVED,"Q1=92.75, Median=165.0, Q3=249.25"
INE761H01022_2012,D:\sem_iitk\sem9\thesis\sep_week1\arpipe-0.1.0\live_store\blobs\3f\ad\3fadc2ee4bc3a2e6afe0c81cc5110982b27324e5fd1ffa5a5e36dfd2efa1442a.pdf,3fadc2ee4bc3a2e6afe0c81cc5110982b27324e5fd1ffa5a5e36dfd2efa1442a,Page Industries Limited,2012,76,FIT,False,False,False,66,0,0,0,0,0,0,0,12,32,32,49,0,0,True,UNKNOWN,False,True,False,SHORT,NATIVE,OBSERVED,"Q1=92.75, Median=165.0, Q3=249.25"
INE761H01022_2013,D:\sem_iitk\sem9\thesis\sep_week1\arpipe-0.1.0\live_store\blobs\e7\5e\e75eb3c9e6a3a73f18f96a2906419a4221c8e9406c713ca976cc82306110de45.pdf,e75eb3c9e6a3a73f18f96a2906419a4221c8e9406c713ca976cc82306110de45,Page Industries Limited,2013,84,FIT,True,False,False,71,0,0,0,0,0,0,0,16,39,29,52,0,0,True,UNKNOWN,False,True,False,SHORT,NATIVE,OBSERVED,"Q1=92.75, Median=165.0, Q3=249.25"
INE761H01022_2017,D:\sem_iitk\sem9\thesis\sep_week1\arpipe-0.1.0\live_store\blobs\84\80\8480ff44472d387fa845563745e4539989bb0a8ae6c4f1c79b44e7908f7fadb0.pdf,8480ff44472d387fa845563745e4539989bb0a8ae6c4f1c79b44e7908f7fadb0,Page Industries Limited,2017,115,FIT,True,True,False,104,0,1,1,0,0,0,0,26,57,32,114,0,0,True,UNKNOWN,False,True,False,MEDIUM,MIXED,OBSERVED,"Q1=92.75, Median=165.0, Q3=249.25"
INE761H01022_2018,D:\sem_iitk\sem9\thesis\sep_week1\arpipe-0.1.0\live_store\blobs\ca\ae\caae2c5d920664fb02ac91e33083635ee91b3671f03a8e73ca63990bd6c4dfc8.pdf,caae2c5d920664fb02ac91e33083635ee91b3671f03a8e73ca63990bd6c4dfc8,Page Industries Limited,2018,115,FIT,True,True,False,112,0,0,1,0,0,0,0,25,61,29,115,0,112,True,UNKNOWN,True,True,False,MEDIUM,NATIVE,OBSERVED,"Q1=92.75, Median=165.0, Q3=249.25"
INE761H01022_2024,D:\sem_iitk\sem9\thesis\sep_week1\arpipe-0.1.0\live_store\blobs\d9\fb\d9fb425a6fa53e873fbd3ef4930fde251f54f9f276a0ee03d7be3877e1e2869e.pdf,d9fb425a6fa53e873fbd3ef4930fde251f54f9f276a0ee03d7be3877e1e2869e,Page Industries Limited,2024,198,FIT,True,False,False,197,2,0,0,0,0,0,0,10,94,94,198,0,195,True,UNKNOWN,False,True,False,MEDIUM,MIXED,OBSERVED,"Q1=92.75, Median=165.0, Q3=249.25"
INE761H01022_2025,D:\sem_iitk\sem9\thesis\sep_week1\arpipe-0.1.0\live_store\blobs\e2\02\e2027f21bb684518e643f74b01ba21eb54e8c5f42696af3cc255ed4f241ba47e.pdf,e2027f21bb684518e643f74b01ba21eb54e8c5f42696af3cc255ed4f241ba47e,Page Industries Limited,2025,202,FIT,False,False,False,202,1,0,0,0,0,0,0,12,93,97,202,198,178,True,UNKNOWN,False,True,False,MEDIUM,MIXED,OBSERVED,"Q1=92.75, Median=165.0, Q3=249.25"
INE797F01020_2012,D:\sem_iitk\sem9\thesis\sep_week1\arpipe-0.1.0\live_store\blobs\b8\93\b8939a3dff730b9112d76029ab17c09f2646e41ce40fd4c503cbc7dcc73393a7.pdf,b8939a3dff730b9112d76029ab17c09f2646e41ce40fd4c503cbc7dcc73393a7,Jubilant Foodworks Limited,2012,103,FIT,True,False,False,99,0,0,0,0,0,0,0,27,43,33,98,0,0,True,UNKNOWN,True,True,False,MEDIUM,NATIVE,OBSERVED,"Q1=92.75, Median=165.0, Q3=249.25"
INE797F01020_2013,D:\sem_iitk\sem9\thesis\sep_week1\arpipe-0.1.0\live_store\blobs\e3\aa\e3aa3b9f3bad935331d44fa9942bda156f3f7bc98c04427117bfd86ae89306fb.pdf,e3aa3b9f3bad935331d44fa9942bda156f3f7bc98c04427117bfd86ae89306fb,Jubilant Foodworks Limited,2013,109,FIT,True,True,False,108,1,0,12,0,0,0,0,15,55,39,96,0,2,True,UNKNOWN,True,True,False,MEDIUM,MIXED,OBSERVED,"Q1=92.75, Median=165.0, Q3=249.25"
INE797F01020_2017,D:\sem_iitk\sem9\thesis\sep_week1\arpipe-0.1.0\live_store\blobs\c4\06\c4061954a05c44aef57c01c894a0b3ca4a199c9df53167adea6c97ca223238bb.pdf,c4061954a05c44aef57c01c894a0b3ca4a199c9df53167adea6c97ca223238bb,Jubilant Foodworks Limited,2017,197,FIT,True,False,False,192,1,1,0,0,1,0,0,19,87,91,140,0,0,True,4,False,True,False,MEDIUM,MIXED,OBSERVED,"Q1=92.75, Median=165.0, Q3=249.25"
INE797F01020_2018,D:\sem_iitk\sem9\thesis\sep_week1\arpipe-0.1.0\live_store\blobs\17\96\1796908df6c06c13b1ce4e5c04f39c8c876d0494262d36f3aab705482ce1e06b.pdf,1796908df6c06c13b1ce4e5c04f39c8c876d0494262d36f3aab705482ce1e06b,Jubilant Foodworks Limited,2018,193,FIT,True,True,False,191,0,0,0,0,2,0,0,11,105,77,175,0,0,True,UNKNOWN,True,True,False,MEDIUM,NATIVE,OBSERVED,"Q1=92.75, Median=165.0, Q3=249.25"
INE797F01020_2024,D:\sem_iitk\sem9\thesis\sep_week1\arpipe-0.1.0\live_store\blobs\fb\cb\fbcb4a73b67620f6bfd0dad541e76e11bfb2c6adf2b8bddf72ca6eb1134fb581.pdf,fbcb4a73b67620f6bfd0dad541e76e11bfb2c6adf2b8bddf72ca6eb1134fb581,Jubilant Foodworks Limited,2024,297,FIT,True,False,False,294,1,0,0,0,0,0,0,15,126,156,176,33,33,True,UNKNOWN,True,True,False,LONG,MIXED,OBSERVED,"Q1=92.75, Median=165.0, Q3=249.25"
INE797F01020_2025,D:\sem_iitk\sem9\thesis\sep_week1\arpipe-0.1.0\live_store\blobs\09\31\0931a7abc8ca646c5dc6afde716db8fbda9223e5f30f1a1f4f14bf59daf55ed6.pdf,0931a7abc8ca646c5dc6afde716db8fbda9223e5f30f1a1f4f14bf59daf55ed6,Jubilant Foodworks Limited,2025,164,FIT,True,False,False,163,1,0,3,0,3,0,0,5,153,6,163,146,146,True,UNKNOWN,False,True,False,MEDIUM,MIXED,OBSERVED,"Q1=92.75, Median=165.0, Q3=249.25"
