condition,current_acquisition_status,claim_id,claim_type,claim_anchor,claim_text,source_artifact,source_field,source_row_identifier,source_calculation_id,evidence_status,uncertainty_type,core_or_robustness_relevance,decision_rule_id
duplicate_overlapping_text,ADDITIONAL_AUDIT_REQUIRED,CLAIM:C032,QUANTITATIVE,section_02.q17_duptext_docs,Duplicate text candidates: 35 documents across 18 issuers (68 pages),dataset/corpus_gap_audit/gap_summary.csv,document_count,condition=duplicate_text_candidate,CALC_COUNT_DOCS_DUPTEXT,CANDIDATE_ONLY,MEASUREMENT_LIMITATION,ROBUSTNESS_ONLY,DEC_RULE_02
duplicate_overlapping_text,ADDITIONAL_AUDIT_REQUIRED,CLAIM:C033,QUANTITATIVE,section_02.q17_duptext_pages,Duplicate text candidate pages: 68 pages,dataset/corpus_gap_audit/gap_summary.csv,page_count,condition=duplicate_text_candidate,CALC_SUM_DUPTEXT_PAGES,CANDIDATE_ONLY,MEASUREMENT_LIMITATION,ROBUSTNESS_ONLY,DEC_RULE_02
duplicate_overlapping_text,ADDITIONAL_AUDIT_REQUIRED,CLAIM:C057,DECISION,section_19.robustness_acquisition,Optional robustness acquisition need,dataset/corpus_gap_audit/reconciled/acquisition_decision.csv,acquisition_status,condition=fully_scanned_documents;condition=devanagari_hindi_bilingual,CALC_ACQUISITION_ROBUSTNESS_COUNT,SUPPORTED,MEASUREMENT_LIMITATION,ROBUSTNESS_ONLY,DEC_RULE_02
toc_offset_discrepancy,ADDITIONAL_AUDIT_REQUIRED,CLAIM:C034,QUANTITATIVE,section_02.q21_toc_strong_offsets,24 documents yielded high-consistency candidate offsets supported by >= 3 matching body entries,dataset/corpus_gap_audit/toc_offset_candidates.csv,detector_status,detector_status=STRONG_CANDIDATE,CALC_COUNT_DOCS_STRONG_TOC_OFFSET,OVERSTATED,DEPENDENCY_LIMITATION,ROBUSTNESS_ONLY,DEC_RULE_02
toc_offset_discrepancy,ADDITIONAL_AUDIT_REQUIRED,CLAIM:C035,QUANTITATIVE,section_02.q21_toc_unresolved,150 documents had candidate TOC pages but unresolved entry offsets,dataset/corpus_gap_audit/toc_offset_candidates.csv,detector_status,detector_status=UNRESOLVED,CALC_COUNT_DOCS_UNRESOLVED_TOC_OFFSET,OVERSTATED,DEPENDENCY_LIMITATION,ROBUSTNESS_ONLY,DEC_RULE_02
toc_offset_discrepancy,ADDITIONAL_AUDIT_REQUIRED,CLAIM:C051,METHODOLOGICAL,section_03.finding_03_toc_prerequisite,TOC cannot be a mandatory prerequisite for MD&A localization,dataset/corpus_gap_audit/toc_offset_candidates.csv,detector_status,all_rows,CALC_TOC_PREREQUISITE_VALIDITY,SUPPORTED_WITH_QUALIFICATION,DEPENDENCY_LIMITATION,ROBUSTNESS_ONLY,DEC_RULE_02
toc_offset_discrepancy,ADDITIONAL_AUDIT_REQUIRED,CLAIM:C057,DECISION,section_19.robustness_acquisition,Optional robustness acquisition need,dataset/corpus_gap_audit/reconciled/acquisition_decision.csv,acquisition_status,condition=fully_scanned_documents;condition=devanagari_hindi_bilingual,CALC_ACQUISITION_ROBUSTNESS_COUNT,SUPPORTED,DEPENDENCY_LIMITATION,ROBUSTNESS_ONLY,DEC_RULE_02
fully_scanned_documents,ADDITIONAL_AUDIT_REQUIRED,CLAIM:C029,QUANTITATIVE,section_02.q06_scanned_docs,"Fully scanned documents: 5 documents (5 issuers, 804 pages)",dataset/corpus_gap_audit/gap_audit_document.csv,document_representation,document_representation=SCANNED,CALC_COUNT_FULLY_SCANNED_DOCS,OVERSTATED,COVERAGE_LIMITATION,ROBUSTNESS_ONLY,DEC_RULE_02
fully_scanned_documents,ADDITIONAL_AUDIT_REQUIRED,CLAIM:C057,DECISION,section_19.robustness_acquisition,Optional robustness acquisition need,dataset/corpus_gap_audit/reconciled/acquisition_decision.csv,acquisition_status,condition=fully_scanned_documents;condition=devanagari_hindi_bilingual,CALC_ACQUISITION_ROBUSTNESS_COUNT,SUPPORTED,COVERAGE_LIMITATION,ROBUSTNESS_ONLY,DEC_RULE_02
